name,champ,cs,kda,kill,death,assist,winratio,play
귀여운현우,Alistar,CS 43.7 (1.8),3.69:1,1.7,3.6,11.4,54%,87
귀여운현우,Rakan,CS 13.8 (0.5),2.86:1,1.8,4.8,11.9,49%,71
귀여운현우,Karma,CS 102.1 (4.3),4.23:1,2.1,2.5,8.5,51%,65
귀여운현우,Braum,CS 55.3 (2.2),4.58:1,1.2,3.0,12.5,66%,62
귀여운현우,Thresh,CS 31.8 (1.3),3.99:1,1.6,3.6,12.8,60%,58
귀여운현우,Morgana,CS 16.7 (0.7),3.96:1,2.1,3.3,10.9,55%,58
귀여운현우,Shen,CS 76.8 (2.9),4.02:1,2.3,3.6,12.2,61%,49
누구도날모를껄,Kha'Zix,CS 132.3 (4.8),2.80:1,6.7,4.9,7.0,70%,43
누구도날모를껄,Camille,CS 110.7 (4.5),2.61:1,6.2,4.7,6.1,59%,34
누구도날모를껄,Nidalee,CS 132.7 (5.6),2.72:1,6.7,5.1,7.0,63%,27
누구도날모를껄,Olaf,CS 134.0 (5.3),3.00:1,4.6,3.9,7.1,52%,21
누구도날모를껄,Lee Sin,CS 121.7 (4.6),2.06:1,4.7,5.8,7.2,44%,18
누구도날모를껄,Jax,CS 131.2 (5.4),2.64:1,4.9,4.2,6.2,53%,17
누구도날모를껄,Zac,CS 108.9 (4.4),5.87:1,3.6,2.7,12.3,64%,14
귀여운나무인간,Gangplank,CS 210.0 (8.1),2.34:1,3.8,4.2,6.0,54%,122
귀여운나무인간,Singed,CS 212.1 (8.1),2.45:1,3.5,4.9,8.4,64%,83
귀여운나무인간,Camille,CS 176.2 (7.3),2.22:1,4.5,4.5,5.4,54%,83
귀여운나무인간,Irelia,CS 198.8 (8.2),2.10:1,6.0,4.7,3.9,58%,62
귀여운나무인간,Jax,CS 202.9 (8.0),1.80:1,4.7,5.0,4.4,47%,58
귀여운나무인간,Fiora,CS 205.7 (8.3),1.80:1,4.6,4.9,4.2,52%,46
귀여운나무인간,Gnar,CS 192.8 (7.7),1.95:1,3.6,4.4,5.0,53%,45
호잇이,Rakan,CS 14.4 (0.6),4.96:1,2.5,2.9,12.1,65%,194
호잇이,Alistar,CS 36.7 (1.5),2.94:1,1.9,4.2,10.5,50%,98
호잇이,Tahm Kench,CS 61.8 (2.3),4.22:1,2.2,3.1,11.0,59%,97
호잇이,Braum,CS 47.6 (1.9),3.70:1,1.4,3.3,10.7,49%,86
호잇이,Morgana,CS 22.5 (0.8),4.13:1,2.1,3.6,12.8,63%,59
호잇이,Taric,CS 52.2 (2.0),3.59:1,1.4,3.4,10.7,55%,33
호잇이,Soraka,CS 11.5 (0.5),3.58:1,1.2,3.4,11.1,56%,32
레이팬더,Tahm Kench,CS 45.2 (1.8),2.90:1,1.6,3.7,9.2,54%,103
레이팬더,Rakan,CS 11.8 (0.5),3.58:1,1.7,3.8,12.0,61%,92
레이팬더,Braum,CS 50.0 (1.9),3.66:1,1.1,3.2,10.7,54%,91
레이팬더,Alistar,CS 39.5 (1.6),3.50:1,1.8,3.5,10.5,53%,83
레이팬더,Morgana,CS 13.6 (0.6),2.73:1,2.4,4.2,9.1,42%,59
레이팬더,Janna,CS 15.0 (0.6),3.53:1,1.4,3.6,11.3,58%,55
레이팬더,Thresh,CS 17.9 (0.7),3.29:1,1.8,4.2,12.0,53%,43
Rainbow22,Ryze,CS 222.9 (8.7),3.35:1,5.9,3.5,5.7,46%,76
Rainbow22,Taliyah,CS 225.3 (8.2),3.58:1,5.3,3.9,8.8,62%,61
Rainbow22,Zoe,CS 191.0 (7.4),3.13:1,5.3,3.7,6.4,49%,35
Rainbow22,LeBlanc,CS 158.8 (6.6),3.71:1,5.9,3.3,6.2,64%,33
Rainbow22,Malzahar,CS 192.6 (8.2),2.98:1,2.9,3.3,7.0,55%,33
Rainbow22,Irelia,CS 191.9 (7.6),2.24:1,8.0,6.0,5.5,46%,26
Rainbow22,Galio,CS 188.7 (7.7),3.81:1,4.2,3.4,8.6,68%,25
중궁인,Ezreal,CS 192.9 (7.9),3.09:1,5.2,3.9,6.8,52%,120
중궁인,Zac,CS 135.5 (5.5),6.24:1,3.3,2.2,10.3,70%,64
중궁인,Xin Zhao,CS 124.4 (5.2),2.86:1,6.1,4.7,7.4,68%,62
중궁인,Kha'Zix,CS 131.7 (5.2),2.96:1,6.2,4.3,6.3,63%,43
중궁인,Nidalee,CS 150.9 (6.1),3.26:1,4.9,3.4,6.2,54%,39
중궁인,Caitlyn,CS 202.9 (8.3),2.05:1,3.8,4.5,5.5,46%,35
중궁인,Lee Sin,CS 116.5 (5.0),2.89:1,5.0,4.3,7.3,46%,35
17살원딜러,Ezreal,CS 208.1 (8.2),3.11:1,4.6,3.8,7.1,54%,235
17살원딜러,Caitlyn,CS 213.0 (8.5),3.11:1,5.1,3.6,6.1,57%,202
17살원딜러,Xayah,CS 195.6 (8.2),3.21:1,5.6,3.8,6.8,64%,92
17살원딜러,Vayne,CS 218.7 (8.3),2.67:1,4.6,3.8,5.6,46%,63
17살원딜러,Sion,CS 175.7 (6.7),2.67:1,2.4,3.8,7.7,52%,46
17살원딜러,Kog'Maw,CS 211.9 (8.3),3.36:1,5.3,3.4,6.2,48%,46
17살원딜러,Jhin,CS 192.8 (8.0),2.84:1,3.9,3.7,6.5,45%,38
chirchri,Zoe,CS 170.3 (6.9),3.04:1,6.0,4.0,6.3,63%,93
chirchri,Irelia,CS 186.8 (8.0),2.46:1,6.8,4.5,4.2,57%,37
chirchri,Ryze,CS 203.3 (8.7),3.15:1,6.2,3.7,5.5,74%,27
chirchri,LeBlanc,CS 185.0 (6.9),3.86:1,7.6,3.6,6.4,72%,25
chirchri,Vladimir,CS 176.4 (7.7),1.81:1,4.0,4.2,3.6,59%,17
chirchri,Karma,CS 51.7 (2.5),3.35:1,2.7,3.4,8.9,67%,9
chirchri,Jhin,CS 162.9 (7.7),2.10:1,3.6,3.8,4.3,50%,8
잘자좋은꿈꿔,Zoe,CS 211.5 (8.6),5.29:1,7.9,2.6,5.7,75%,88
잘자좋은꿈꿔,Syndra,CS 250.3 (9.7),4.67:1,9.4,3.1,5.1,84%,62
잘자좋은꿈꿔,Lulu,CS 143.4 (6.2),5.93:1,3.0,2.0,8.9,67%,15
잘자좋은꿈꿔,LeBlanc,CS 188.4 (8.1),7.46:1,11.1,2.2,5.1,100%,12
잘자좋은꿈꿔,Kassadin,CS 262.3 (8.7),6.00:1,10.4,2.6,5.4,75%,8
잘자좋은꿈꿔,Ezreal,CS 213.5 (9.2),4.80:1,7.1,2.5,4.9,75%,8
잘자좋은꿈꿔,Cassiopeia,CS 251.1 (8.8),3.72:1,9.0,4.6,8.0,71%,7
지현이의빗자루,Camille,CS 186.0 (7.2),2.29:1,6.0,4.8,5.1,61%,157
지현이의빗자루,Gnar,CS 198.2 (7.7),2.16:1,4.2,4.3,5.2,54%,127
지현이의빗자루,Vladimir,CS 226.2 (8.1),2.09:1,5.2,4.9,5.0,56%,79
지현이의빗자루,Sion,CS 184.8 (7.2),3.26:1,3.5,3.2,6.9,59%,61
지현이의빗자루,Gangplank,CS 229.7 (8.5),2.23:1,4.3,4.5,5.8,46%,57
지현이의빗자루,Irelia,CS 198.5 (8.1),2.54:1,6.6,4.3,4.4,61%,31
지현이의빗자루,Fiora,CS 201.2 (7.8),1.50:1,4.2,5.5,4.0,28%,29
숙련자3,Nautilus,CS 53.3 (2.1),4.16:1,2.3,3.2,11.1,63%,281
숙련자3,Braum,CS 53.0 (1.8),4.10:1,1.3,3.7,13.7,52%,21
숙련자3,Tahm Kench,CS 66.8 (2.3),4.19:1,2.2,3.6,12.8,58%,12
숙련자3,Taric,CS 54.1 (2.0),3.02:1,1.8,3.8,9.6,42%,12
숙련자3,Leona,CS 39.7 (1.8),4.26:1,2.6,4.4,16.3,71%,7
숙련자3,Orianna,CS 189.2 (7.7),2.27:1,4.2,5.2,7.6,40%,5
숙련자3,Lux,CS 10.0 (0.5),3.67:1,1.0,3.0,10.0,100%,1
gunwu,Ryze,CS 207.9 (8.7),2.57:1,5.3,4.1,5.3,53%,53
gunwu,Sion,CS 181.4 (7.0),2.64:1,3.2,4.0,7.4,58%,45
gunwu,Karma,CS 176.6 (7.4),3.39:1,3.4,3.8,9.3,59%,44
gunwu,Taliyah,CS 205.6 (8.0),2.60:1,6.2,5.5,8.1,60%,40
gunwu,Ezreal,CS 206.1 (7.9),2.57:1,5.6,4.7,6.6,50%,38
gunwu,Alistar,CS 45.3 (1.8),3.24:1,1.8,4.1,11.5,63%,30
gunwu,Galio,CS 184.7 (7.8),3.03:1,3.3,3.7,7.8,58%,26
Klmjg,Jax,CS 174.7 (6.5),3.09:1,5.8,3.7,5.6,57%,261
Klmjg,Lee Sin,CS 140.1 (5.5),3.04:1,5.8,4.1,6.5,54%,195
Klmjg,Kha'Zix,CS 137.0 (5.4),3.11:1,6.7,4.0,5.9,55%,181
Klmjg,Xin Zhao,CS 142.9 (5.6),2.73:1,6.1,4.7,6.7,50%,129
Klmjg,Jarvan IV,CS 144.7 (5.6),3.47:1,4.2,3.7,8.6,50%,107
Klmjg,Cho'Gath,CS 200.9 (7.6),2.24:1,4.1,4.1,5.1,59%,100
Klmjg,Camille,CS 136.5 (5.5),2.29:1,5.6,4.9,5.7,49%,94
뉴트주니어,Tahm Kench,CS 54.8 (2.2),3.29:1,1.9,3.7,10.1,64%,85
뉴트주니어,Taric,CS 56.9 (2.2),3.94:1,1.4,3.1,10.7,57%,70
뉴트주니어,Soraka,CS 11.8 (0.5),3.83:1,1.3,3.3,11.3,66%,56
뉴트주니어,Rakan,CS 12.6 (0.5),3.86:1,1.6,3.5,11.9,55%,47
뉴트주니어,Vladimir,CS 227.6 (8.3),2.47:1,4.3,3.8,5.1,51%,47
뉴트주니어,Alistar,CS 45.2 (1.8),3.13:1,1.9,3.8,9.9,53%,38
뉴트주니어,Braum,CS 57.7 (2.2),3.39:1,1.4,3.4,10.1,46%,37
띵킹왕,Braum,CS 50.9 (2.0),3.10:1,1.0,4.1,11.7,55%,75
띵킹왕,Morgana,CS 19.0 (0.8),4.16:1,2.5,3.7,13.1,72%,50
띵킹왕,Tahm Kench,CS 53.0 (2.0),2.69:1,1.9,4.5,10.2,58%,48
띵킹왕,Thresh,CS 30.3 (1.1),3.15:1,1.7,4.2,11.5,64%,45
띵킹왕,Alistar,CS 41.7 (1.6),2.72:1,1.8,4.8,11.2,54%,39
띵킹왕,Taric,CS 65.8 (2.3),3.07:1,1.7,4.8,13.0,50%,38
띵킹왕,Shen,CS 58.6 (2.2),3.99:1,2.8,4.5,15.1,64%,25
좋은날,Xin Zhao,CS 130.0 (5.5),3.26:1,5.8,4.1,7.6,75%,59
좋은날,Kha'Zix,CS 126.0 (5.2),3.06:1,6.8,3.8,4.8,64%,44
좋은날,Kayn,CS 161.7 (5.8),2.72:1,6.1,4.8,6.9,48%,27
좋은날,Graves,CS 174.4 (6.3),2.62:1,6.6,5.3,7.3,42%,19
좋은날,Camille,CS 140.9 (5.1),3.23:1,6.6,4.8,8.8,76%,17
좋은날,Nidalee,CS 145.6 (6.1),2.64:1,4.6,4.0,5.9,43%,14
좋은날,Rumble,CS 164.4 (7.3),3.81:1,3.8,2.9,7.2,78%,9
엽북이,Nidalee,CS 147.2 (5.9),4.43:1,6.6,3.0,6.5,60%,284
엽북이,Zac,CS 118.1 (4.4),4.61:1,3.7,2.9,9.7,43%,74
엽북이,Kha'Zix,CS 132.9 (4.9),3.73:1,7.4,3.8,6.7,52%,63
엽북이,Jarvan IV,CS 126.4 (4.8),4.36:1,4.5,3.3,9.7,53%,59
엽북이,Leona,CS 49.0 (1.9),4.69:1,1.9,2.9,11.8,70%,43
엽북이,Sejuani,CS 125.1 (4.8),4.15:1,3.9,3.2,9.2,46%,39
엽북이,Camille,CS 146.5 (5.5),3.80:1,8.1,3.8,6.1,56%,32
아이러니,Ezreal,CS 232.0 (9.1),4.03:1,6.0,3.2,6.9,65%,95
아이러니,Kai'Sa,CS 234.7 (9.2),3.12:1,7.8,4.3,5.6,48%,42
아이러니,Xayah,CS 241.7 (9.3),3.63:1,5.9,3.5,6.8,62%,39
아이러니,Tristana,CS 270.6 (9.9),4.23:1,6.7,2.9,5.5,53%,38
아이러니,Caitlyn,CS 241.9 (9.3),3.08:1,4.8,3.7,6.6,56%,36
아이러니,Jhin,CS 212.5 (8.4),2.73:1,5.2,4.6,7.4,46%,35
아이러니,Varus,CS 263.8 (9.6),2.91:1,6.4,4.0,5.2,58%,24
구린내가심하구나,Fiora,CS 203.7 (8.0),1.96:1,4.7,4.5,4.0,56%,344
구린내가심하구나,Aatrox,CS 198.2 (7.6),2.87:1,6.1,4.1,5.6,59%,229
구린내가심하구나,Vladimir,CS 189.8 (7.5),2.26:1,4.5,4.2,5.0,54%,180
구린내가심하구나,Camille,CS 174.7 (7.3),2.21:1,5.4,4.5,4.5,57%,105
구린내가심하구나,Jax,CS 180.9 (7.7),2.16:1,4.8,4.2,4.2,62%,53
구린내가심하구나,Galio,CS 183.9 (6.9),3.10:1,3.8,3.6,7.4,52%,52
구린내가심하구나,Cho'Gath,CS 180.3 (6.9),1.93:1,4.2,4.0,3.5,31%,45
NiceJG,Lee Sin,CS 137.6 (5.8),3.04:1,8.2,5.0,7.0,55%,80
NiceJG,Camille,CS 141.6 (5.6),3.03:1,8.4,5.3,7.7,61%,69
NiceJG,Kha'Zix,CS 129.0 (5.2),2.81:1,8.5,5.3,6.5,52%,63
NiceJG,Graves,CS 171.7 (7.1),3.64:1,7.4,3.9,6.9,64%,56
NiceJG,Xin Zhao,CS 134.5 (5.7),2.63:1,6.4,5.0,6.8,67%,54
NiceJG,Jarvan IV,CS 142.4 (5.8),4.45:1,7.0,3.8,9.8,63%,32
NiceJG,Sejuani,CS 127.2 (5.2),3.73:1,4.9,4.0,10.0,54%,26
noooooooooooom,Ryze,CS 205.3 (8.6),3.01:1,5.1,3.6,5.7,55%,125
noooooooooooom,LeBlanc,CS 173.6 (7.5),3.50:1,6.9,3.3,4.6,58%,45
noooooooooooom,Azir,CS 218.9 (8.8),3.12:1,5.1,3.1,4.5,61%,38
noooooooooooom,Zoe,CS 187.9 (7.5),2.58:1,5.2,4.2,5.7,55%,29
noooooooooooom,Camille,CS 151.2 (6.0),2.41:1,6.1,5.1,6.1,53%,17
noooooooooooom,Taliyah,CS 212.9 (8.8),4.18:1,7.0,3.6,8.2,64%,11
noooooooooooom,Illaoi,CS 216.8 (8.2),1.35:1,3.2,5.7,4.4,56%,9
EhingXamsi,Tahm Kench,CS 59.9 (2.3),2.80:1,1.9,4.1,9.5,55%,83
EhingXamsi,Karma,CS 94.0 (3.7),2.93:1,2.8,4.1,9.4,50%,74
EhingXamsi,Janna,CS 20.0 (0.8),3.79:1,2.1,3.7,11.8,65%,72
EhingXamsi,Braum,CS 57.3 (2.3),3.44:1,1.2,3.6,11.3,60%,70
EhingXamsi,Alistar,CS 49.9 (2.0),2.78:1,1.8,4.2,9.9,55%,67
EhingXamsi,Leona,CS 54.5 (2.2),3.45:1,1.5,3.5,10.7,69%,52
EhingXamsi,Gragas,CS 46.3 (1.9),3.14:1,2.3,4.1,10.5,62%,52
DogRabbitCat,Zoe,CS 202.8 (8.0),3.49:1,6.0,3.6,6.5,54%,87
DogRabbitCat,Ryze,CS 234.5 (9.1),3.90:1,6.3,3.2,6.2,56%,80
DogRabbitCat,Azir,CS 264.0 (9.4),3.33:1,5.3,3.3,5.7,55%,76
DogRabbitCat,LeBlanc,CS 176.1 (6.8),3.83:1,7.5,3.7,6.8,61%,66
DogRabbitCat,Vladimir,CS 200.5 (8.1),2.80:1,5.8,4.0,5.5,49%,49
DogRabbitCat,Taliyah,CS 223.3 (9.0),4.09:1,6.1,3.1,6.7,55%,44
DogRabbitCat,Galio,CS 196.5 (7.6),3.27:1,5.7,4.3,8.2,45%,42
GIorie,Ryze,CS 223.2 (8.7),2.80:1,4.5,3.5,5.3,55%,86
GIorie,Ezreal,CS 196.2 (7.9),3.26:1,5.4,3.9,7.2,63%,78
GIorie,Azir,CS 210.5 (7.9),2.10:1,3.8,4.2,5.0,48%,29
GIorie,Corki,CS 237.5 (9.0),3.18:1,6.4,3.7,5.4,67%,27
GIorie,Caitlyn,CS 208.2 (8.1),2.59:1,4.7,4.3,6.4,42%,26
GIorie,Tristana,CS 188.0 (8.0),3.21:1,5.8,3.6,5.7,58%,24
GIorie,Zoe,CS 177.1 (7.2),2.27:1,5.3,4.5,4.8,42%,19
레몬나무,Caitlyn,CS 226.8 (8.9),3.11:1,5.4,3.7,6.2,57%,81
레몬나무,Ezreal,CS 222.6 (8.5),2.97:1,5.7,4.3,6.9,51%,72
레몬나무,Varus,CS 218.1 (8.7),3.48:1,6.1,3.5,6.1,63%,67
레몬나무,Kog'Maw,CS 212.5 (8.6),2.44:1,5.1,4.2,5.2,55%,49
레몬나무,Xayah,CS 203.5 (8.6),3.12:1,5.6,3.7,5.8,61%,46
레몬나무,Jhin,CS 200.4 (8.2),2.95:1,5.0,4.0,6.9,47%,36
레몬나무,Tristana,CS 224.8 (8.8),3.51:1,7.2,3.7,6.0,51%,35
aceerfa,Gangplank,CS 230.2 (8.8),2.23:1,4.9,5.0,6.2,58%,53
aceerfa,Camille,CS 206.6 (8.3),2.08:1,5.5,4.7,4.3,60%,50
aceerfa,Vladimir,CS 218.3 (8.6),2.12:1,4.9,4.8,5.4,50%,30
aceerfa,Singed,CS 197.4 (8.6),1.88:1,3.5,5.2,6.3,56%,25
aceerfa,Jax,CS 190.3 (8.5),1.78:1,5.1,4.5,3.0,45%,22
aceerfa,Irelia,CS 196.0 (8.6),1.82:1,6.6,5.6,3.6,65%,17
aceerfa,Yasuo,CS 225.8 (8.8),1.35:1,4.7,6.1,3.5,41%,17
단군의청춘부재,Taliyah,CS 211.6 (8.2),3.35:1,5.7,4.0,7.7,67%,99
단군의청춘부재,Ryze,CS 229.2 (8.5),2.43:1,4.5,4.5,6.3,57%,79
단군의청춘부재,Zoe,CS 198.5 (7.6),2.56:1,4.9,4.5,6.6,51%,55
단군의청춘부재,Galio,CS 210.5 (7.7),3.58:1,4.8,3.6,8.1,54%,54
단군의청춘부재,Azir,CS 212.8 (8.2),2.24:1,3.9,4.0,5.2,55%,40
단군의청춘부재,Zac,CS 117.2 (4.8),4.66:1,3.2,2.6,8.8,50%,26
단군의청춘부재,Varus,CS 231.8 (7.9),2.60:1,4.6,5.1,8.6,50%,22
엔페시아,Ezreal,CS 207.6 (7.9),4.04:1,5.3,3.1,7.3,58%,188
엔페시아,Xayah,CS 214.9 (8.2),3.73:1,5.8,3.3,6.5,55%,139
엔페시아,Kai'Sa,CS 190.0 (7.9),3.60:1,6.2,3.1,5.0,54%,115
엔페시아,Tristana,CS 208.1 (8.2),3.83:1,5.8,3.0,5.8,58%,89
엔페시아,Vayne,CS 202.1 (8.2),3.53:1,4.7,2.7,4.7,51%,55
엔페시아,Rakan,CS 12.7 (0.5),3.68:1,1.8,3.9,12.5,62%,45
엔페시아,Varus,CS 216.8 (8.4),3.60:1,5.2,3.1,6.0,55%,42
wyt0111,Alistar,CS 41.3 (1.7),3.33:1,1.7,3.8,11.0,50%,114
wyt0111,Rakan,CS 15.5 (0.6),3.67:1,1.9,3.7,11.6,62%,87
wyt0111,Morgana,CS 19.7 (0.8),4.05:1,2.3,3.6,12.1,60%,47
wyt0111,Tahm Kench,CS 59.1 (2.3),2.57:1,1.5,3.8,8.2,59%,46
wyt0111,Braum,CS 58.1 (2.2),4.15:1,1.2,2.9,10.9,54%,41
wyt0111,Thresh,CS 28.2 (1.0),3.54:1,1.4,3.8,12.0,67%,33
wyt0111,Bard,CS 27.5 (1.0),3.37:1,3.6,4.4,11.2,60%,25
JAGUmTi,Lee Sin,CS 143.7 (5.0),3.03:1,6.2,4.9,8.5,44%,43
JAGUmTi,Camille,CS 142.4 (5.6),2.72:1,6.2,4.9,7.3,58%,38
JAGUmTi,Graves,CS 174.3 (6.7),2.98:1,6.0,4.3,6.8,63%,27
JAGUmTi,Nidalee,CS 149.8 (5.9),3.73:1,6.9,3.9,7.6,72%,25
JAGUmTi,Kha'Zix,CS 134.3 (5.3),3.56:1,6.8,3.5,5.8,58%,24
JAGUmTi,Trundle,CS 156.2 (5.8),3.92:1,3.7,3.3,9.3,55%,22
JAGUmTi,Skarner,CS 130.9 (5.2),3.09:1,4.0,3.7,7.5,40%,20
Beproudofme,Galio,CS 240.8 (8.5),4.41:1,5.4,3.3,9.2,66%,82
Beproudofme,Vladimir,CS 234.1 (8.8),3.04:1,5.5,3.6,5.6,52%,67
Beproudofme,Talon,CS 215.8 (8.4),3.09:1,7.1,4.2,5.8,57%,65
Beproudofme,Lulu,CS 193.3 (8.4),4.54:1,2.6,2.3,7.8,57%,51
Beproudofme,Soraka,CS 15.6 (0.6),2.92:1,1.1,4.6,12.3,57%,47
Beproudofme,Cassiopeia,CS 253.0 (9.2),3.12:1,5.6,3.4,5.0,54%,39
Beproudofme,Azir,CS 244.5 (9.1),3.14:1,4.8,3.4,5.8,61%,36
페이커뒷바라지,Xin Zhao,CS 129.7 (5.7),3.38:1,7.4,4.0,6.1,55%,38
페이커뒷바라지,Camille,CS 121.5 (5.5),3.55:1,8.7,3.9,5.2,69%,32
페이커뒷바라지,Kha'Zix,CS 147.8 (5.8),4.02:1,10.4,4.2,6.5,72%,25
페이커뒷바라지,Kayn,CS 159.8 (6.3),2.85:1,8.7,5.2,6.1,56%,25
페이커뒷바라지,Graves,CS 182.3 (7.3),2.88:1,8.6,5.2,6.3,59%,22
페이커뒷바라지,Lee Sin,CS 139.5 (5.5),3.17:1,6.3,4.1,6.7,48%,21
페이커뒷바라지,Nocturne,CS 152.1 (6.7),3.92:1,7.6,3.4,5.6,68%,19
SKTT1ThaI,Gangplank,CS 237.5 (8.9),3.81:1,5.0,3.2,7.1,68%,80
SKTT1ThaI,Vladimir,CS 249.5 (8.7),2.35:1,5.3,4.3,5.0,53%,68
SKTT1ThaI,Ryze,CS 236.6 (8.9),2.09:1,3.5,4.2,5.3,57%,46
SKTT1ThaI,Karma,CS 184.3 (7.3),3.04:1,2.7,3.4,7.6,58%,40
SKTT1ThaI,Camille,CS 183.1 (7.6),3.30:1,5.1,3.2,5.4,64%,36
SKTT1ThaI,Cassiopeia,CS 224.5 (8.5),2.41:1,4.5,4.2,5.6,59%,34
SKTT1ThaI,Darius,CS 222.6 (8.4),1.67:1,4.3,5.0,4.0,61%,23
MarkTime,Irelia,CS 193.0 (8.5),2.46:1,6.7,4.3,3.8,62%,45
MarkTime,Camille,CS 176.7 (7.7),3.94:1,7.6,3.4,5.9,78%,37
MarkTime,Singed,CS 202.3 (8.0),3.28:1,4.6,4.3,9.6,63%,35
MarkTime,Darius,CS 173.5 (8.0),2.41:1,5.2,3.7,3.8,73%,26
MarkTime,Kennen,CS 190.5 (8.0),2.66:1,6.5,4.5,5.5,64%,11
MarkTime,Dr. Mundo,CS 175.3 (8.2),3.04:1,4.3,2.8,4.2,70%,10
MarkTime,Gangplank,CS 182.8 (7.5),2.18:1,4.0,4.8,6.4,63%,8
이우진의개,Gangplank,CS 211.3 (8.3),2.29:1,4.0,4.4,6.2,53%,167
이우진의개,Vladimir,CS 215.7 (8.3),2.00:1,4.8,4.7,4.5,61%,99
이우진의개,Camille,CS 194.5 (7.7),2.44:1,5.8,4.3,4.6,62%,77
이우진의개,Gnar,CS 192.7 (7.6),2.15:1,3.4,3.9,5.1,52%,48
이우진의개,Jax,CS 198.9 (8.1),1.74:1,3.7,3.9,3.0,66%,38
이우진의개,Fiora,CS 196.1 (8.2),1.48:1,3.5,4.2,2.6,48%,31
이우진의개,Swain,CS 182.0 (7.4),1.89:1,3.5,4.9,5.8,50%,30
Nkachaiby,Jarvan IV,CS 147.7 (5.5),3.42:1,5.4,4.5,9.9,57%,129
Nkachaiby,Graves,CS 178.2 (7.2),3.03:1,6.1,4.0,5.9,58%,115
Nkachaiby,Kha'Zix,CS 148.2 (5.5),2.81:1,7.8,4.7,5.4,56%,98
Nkachaiby,Camille,CS 134.7 (5.5),2.25:1,5.8,4.9,5.3,55%,65
Nkachaiby,Sejuani,CS 138.6 (5.5),3.39:1,4.0,3.6,8.2,49%,59
Nkachaiby,Trundle,CS 141.7 (5.4),2.99:1,4.7,4.3,8.0,54%,39
Nkachaiby,Lee Sin,CS 131.3 (5.3),2.69:1,4.8,4.4,6.9,50%,36
1987Plls,Illaoi,CS 218.2 (8.7),1.83:1,3.7,3.9,3.4,61%,263
1987Plls,Urgot,CS 175.6 (7.0),2.24:1,4.6,3.9,4.2,54%,82
1987Plls,Nasus,CS 191.2 (7.6),1.10:1,1.6,5.5,4.4,44%,16
1987Plls,Sion,CS 143.1 (5.4),1.87:1,1.8,4.6,6.8,54%,13
1987Plls,Tryndamere,CS 180.6 (7.8),1.14:1,4.3,5.7,2.1,56%,9
1987Plls,Ezreal,CS 175.9 (7.5),3.09:1,3.3,2.9,5.6,63%,8
1987Plls,Malzahar,CS 221.1 (7.8),3.00:1,3.6,4.3,9.3,43%,7
qquad,Cassiopeia,CS 217.0 (8.8),4.63:1,7.8,3.0,5.9,85%,80
qquad,Zoe,CS 168.9 (7.5),3.65:1,7.5,3.5,5.3,70%,37
qquad,Lulu,CS 150.9 (6.1),3.33:1,3.1,3.4,8.3,53%,15
qquad,Irelia,CS 177.5 (7.5),2.32:1,6.5,4.6,4.1,53%,15
qquad,Katarina,CS 184.3 (7.0),3.21:1,8.0,4.3,5.9,67%,9
qquad,Karma,CS 125.0 (6.9),2.78:1,0.5,2.3,5.8,50%,4
qquad,LeBlanc,CS 169.0 (6.0),1.86:1,7.5,7.0,5.5,0%,4
pIeaseheIp,Jhin,CS 183.7 (7.9),5.01:1,5.6,2.6,7.2,59%,29
pIeaseheIp,Ezreal,CS 187.0 (7.9),2.91:1,4.5,3.9,6.8,63%,24
pIeaseheIp,Kai'Sa,CS 211.6 (8.6),4.00:1,6.4,3.1,6.1,65%,17
pIeaseheIp,Tristana,CS 223.5 (8.6),7.03:1,7.1,1.9,6.5,60%,15
pIeaseheIp,Caitlyn,CS 212.8 (8.2),3.37:1,6.5,3.8,6.3,53%,15
pIeaseheIp,Xayah,CS 231.9 (8.4),3.18:1,5.4,4.1,7.6,45%,11
pIeaseheIp,Talon,CS 173.4 (7.4),2.40:1,5.5,4.7,5.8,60%,10
KDMLuBu,Kha'Zix,CS 133.2 (5.3),4.42:1,7.6,2.9,5.1,67%,109
KDMLuBu,Camille,CS 148.1 (5.8),3.30:1,5.7,3.6,6.0,57%,65
KDMLuBu,Sejuani,CS 147.4 (5.3),5.69:1,4.0,2.7,11.2,63%,56
KDMLuBu,Zac,CS 131.9 (5.1),5.58:1,3.4,2.2,8.7,47%,47
KDMLuBu,Skarner,CS 139.9 (5.4),4.54:1,3.1,2.8,9.5,57%,35
KDMLuBu,Olaf,CS 149.0 (5.5),3.94:1,5.8,3.4,7.7,53%,34
KDMLuBu,Rengar,CS 163.0 (6.0),3.19:1,7.1,3.6,4.4,39%,31
귤수호자만기,Gangplank,CS 227.1 (8.5),3.96:1,4.7,2.9,6.8,69%,134
귤수호자만기,Sion,CS 200.3 (7.4),3.72:1,3.0,2.8,7.4,55%,85
귤수호자만기,Ornn,CS 203.5 (7.2),2.86:1,2.8,3.4,7.0,44%,62
귤수호자만기,Urgot,CS 184.0 (7.6),2.55:1,3.9,3.1,4.0,70%,10
귤수호자만기,Dr. Mundo,CS 173.1 (7.2),2.46:1,4.1,3.5,4.5,38%,8
귤수호자만기,Kled,CS 188.0 (6.5),2.19:1,3.3,4.6,6.7,14%,7
귤수호자만기,Aatrox,CS 239.2 (8.6),2.54:1,6.5,4.0,3.7,50%,6
MVPADD,Camille,CS 206.7 (8.0),3.45:1,6.0,3.3,5.5,68%,59
MVPADD,Gangplank,CS 218.6 (8.6),3.46:1,4.4,3.3,7.0,63%,43
MVPADD,Sion,CS 186.9 (7.5),4.83:1,3.3,2.2,7.2,78%,27
MVPADD,Irelia,CS 248.9 (8.7),2.38:1,5.3,4.9,6.5,39%,18
MVPADD,Jax,CS 186.8 (8.0),1.90:1,4.3,3.9,3.2,44%,16
MVPADD,Gnar,CS 205.1 (7.7),2.91:1,5.4,3.7,5.5,67%,15
MVPADD,Dr. Mundo,CS 197.2 (8.1),3.46:1,4.0,2.7,5.5,67%,15
TT보배,Caitlyn,CS 223.0 (9.1),2.33:1,4.7,4.4,5.5,51%,153
TT보배,Xayah,CS 228.9 (9.2),2.49:1,4.7,4.4,6.1,57%,111
TT보배,Ezreal,CS 210.9 (8.5),2.11:1,3.8,4.6,5.9,39%,101
TT보배,Jhin,CS 216.9 (8.8),3.21:1,4.9,3.6,6.7,64%,88
TT보배,Tristana,CS 221.8 (9.0),2.73:1,6.0,4.1,5.2,51%,80
TT보배,Varus,CS 223.1 (8.9),2.44:1,5.0,4.6,6.2,54%,69
TT보배,Gangplank,CS 221.2 (8.5),2.24:1,3.5,4.1,5.7,57%,63
북쪽의괴물,Gangplank,CS 227.8 (8.4),3.25:1,4.3,3.6,7.3,54%,184
북쪽의괴물,Camille,CS 191.9 (7.5),2.67:1,5.6,4.1,5.5,55%,173
북쪽의괴물,Sion,CS 180.2 (6.9),3.63:1,3.0,3.1,8.2,66%,122
북쪽의괴물,Ornn,CS 183.0 (7.0),3.84:1,3.3,3.0,8.4,57%,42
북쪽의괴물,Vladimir,CS 220.6 (8.3),2.47:1,5.0,4.3,5.7,51%,41
북쪽의괴물,Jax,CS 205.8 (8.0),1.87:1,5.3,4.9,3.8,50%,40
북쪽의괴물,Jayce,CS 197.0 (7.8),2.60:1,5.4,4.4,5.9,50%,40
버터난프라운커리,Ezreal,CS 217.9 (8.5),3.80:1,4.7,3.0,6.8,60%,73
버터난프라운커리,Jhin,CS 209.3 (8.2),3.60:1,5.3,3.5,7.2,55%,47
버터난프라운커리,Caitlyn,CS 237.4 (9.0),3.89:1,6.1,3.1,6.0,61%,46
버터난프라운커리,Xayah,CS 226.1 (8.8),3.52:1,5.1,3.6,7.4,53%,36
버터난프라운커리,Tristana,CS 245.6 (9.0),2.86:1,5.7,4.1,5.9,38%,26
버터난프라운커리,Kai'Sa,CS 196.0 (8.1),2.63:1,6.0,3.8,4.0,32%,22
버터난프라운커리,Varus,CS 200.5 (8.3),2.86:1,5.3,3.4,4.5,48%,21
tomymemories,Camille,CS 195.4 (8.2),2.11:1,5.4,4.4,3.9,56%,111
tomymemories,Gangplank,CS 230.2 (8.9),2.33:1,5.2,4.8,6.0,59%,83
tomymemories,Gnar,CS 216.4 (8.5),1.99:1,3.8,4.3,4.7,54%,54
tomymemories,Jayce,CS 220.7 (8.6),1.72:1,5.0,6.0,5.3,59%,32
tomymemories,Vladimir,CS 196.2 (8.3),1.79:1,4.1,4.6,4.1,54%,28
tomymemories,Ryze,CS 214.0 (8.6),1.39:1,3.3,5.0,3.6,59%,22
tomymemories,Illaoi,CS 218.0 (8.7),1.20:1,3.7,5.8,3.3,50%,20
17살서폿,Caitlyn,CS 221.9 (8.7),2.50:1,5.0,4.6,6.5,64%,56
17살서폿,Tahm Kench,CS 49.3 (2.0),2.66:1,2.0,4.4,9.7,55%,53
17살서폿,Morgana,CS 19.5 (0.8),3.43:1,1.9,4.3,12.8,63%,46
17살서폿,Alistar,CS 39.0 (1.5),2.77:1,1.5,4.9,11.9,58%,45
17살서폿,Ezreal,CS 221.0 (8.1),2.64:1,5.6,4.6,6.6,49%,41
17살서폿,Rakan,CS 11.3 (0.5),3.86:1,1.9,4.2,14.3,75%,36
17살서폿,Janna,CS 14.6 (0.6),3.55:1,1.6,3.7,11.6,59%,32
이차가식기전에,Sejuani,CS 151.6 (5.6),5.01:1,4.1,2.9,10.2,59%,417
이차가식기전에,Zac,CS 151.2 (5.5),4.47:1,3.6,3.0,10.0,53%,89
이차가식기전에,Kha'Zix,CS 147.0 (5.6),2.93:1,6.6,4.1,5.5,52%,77
이차가식기전에,Skarner,CS 141.3 (5.5),3.78:1,3.3,3.0,8.1,58%,55
이차가식기전에,Jarvan IV,CS 145.8 (5.3),3.18:1,4.3,4.6,10.4,48%,23
이차가식기전에,Graves,CS 177.8 (6.5),3.56:1,6.4,3.9,7.3,57%,14
이차가식기전에,Urgot,CS 231.9 (7.5),2.09:1,3.2,4.4,5.9,38%,13
페리온만지,Camille,CS 198.9 (8.2),4.09:1,6.6,2.8,4.9,69%,39
페리온만지,Gangplank,CS 219.4 (8.6),3.31:1,4.5,3.7,7.8,64%,36
페리온만지,Vladimir,CS 207.8 (8.6),3.03:1,4.1,2.9,4.5,62%,21
페리온만지,Swain,CS 189.0 (7.7),2.00:1,4.4,4.8,5.1,38%,21
페리온만지,Gnar,CS 217.7 (8.3),2.35:1,4.3,4.3,5.8,53%,19
페리온만지,Ryze,CS 232.1 (9.0),3.14:1,4.4,3.1,5.2,69%,16
페리온만지,Irelia,CS 217.8 (8.0),2.74:1,5.4,4.3,6.4,67%,9
이흥호,Kai'Sa,CS 216.6 (9.5),2.69:1,8.1,4.6,4.2,63%,295
이흥호,Ezreal,CS 213.5 (8.8),2.23:1,5.6,4.9,5.2,51%,293
이흥호,Xayah,CS 233.7 (9.5),2.46:1,7.2,5.1,5.3,58%,187
이흥호,Varus,CS 229.4 (9.4),2.02:1,6.0,5.1,4.3,47%,186
이흥호,Kog'Maw,CS 215.5 (9.0),1.89:1,6.8,6.1,4.7,54%,158
이흥호,Tristana,CS 226.4 (9.3),2.18:1,5.9,4.4,3.8,48%,156
이흥호,Caitlyn,CS 237.8 (9.5),2.07:1,4.8,4.7,4.9,50%,106
Muse1,Ryze,CS 223.6 (8.7),3.25:1,6.1,3.4,5.1,49%,78
Muse1,Talon,CS 189.0 (7.5),3.15:1,7.8,4.1,5.2,61%,61
Muse1,Vladimir,CS 195.7 (7.9),2.43:1,4.0,3.2,3.9,52%,42
Muse1,Zoe,CS 172.6 (7.2),3.12:1,7.6,4.1,5.3,63%,41
Muse1,Ezreal,CS 193.6 (7.9),4.07:1,5.3,3.0,6.8,70%,33
Muse1,Galio,CS 181.5 (7.4),4.68:1,5.8,3.1,8.9,59%,22
Muse1,Malzahar,CS 201.3 (8.8),5.84:1,5.2,1.8,5.3,71%,21
RBEMalrang,Jax,CS 125.1 (5.3),3.28:1,5.3,3.5,6.1,60%,30
RBEMalrang,Xin Zhao,CS 117.7 (5.2),3.26:1,5.1,3.4,6.1,59%,29
RBEMalrang,Lee Sin,CS 107.1 (4.9),3.06:1,5.0,3.3,5.3,46%,26
RBEMalrang,Trundle,CS 113.6 (5.2),4.98:1,4.6,2.4,7.5,68%,25
RBEMalrang,Kha'Zix,CS 116.8 (4.9),4.40:1,6.6,2.9,6.1,61%,18
RBEMalrang,Camille,CS 127.7 (5.6),5.67:1,7.0,2.2,5.5,80%,15
RBEMalrang,Rumble,CS 139.6 (5.6),4.60:1,6.2,2.9,7.0,53%,15
율천고최현우,Zed,CS 206.5 (8.3),4.06:1,8.7,3.3,4.5,65%,103
율천고최현우,Ryze,CS 234.0 (8.8),3.32:1,6.4,4.0,6.9,51%,69
율천고최현우,Azir,CS 229.6 (8.9),2.84:1,4.6,3.9,6.6,56%,57
율천고최현우,Vladimir,CS 188.5 (7.8),2.53:1,5.4,4.4,5.8,53%,53
율천고최현우,Zoe,CS 189.8 (7.6),2.80:1,4.6,3.8,6.1,47%,47
율천고최현우,LeBlanc,CS 163.4 (6.8),3.65:1,7.0,3.6,6.0,63%,30
율천고최현우,Galio,CS 201.8 (7.9),2.91:1,4.8,4.4,8.1,53%,30
Sol로랭크2,Aurelion Sol,CS 194.8 (7.6),3.81:1,5.9,3.4,7.2,57%,366
Sol로랭크2,Malzahar,CS 194.0 (6.9),1.88:1,3.3,5.3,6.7,0%,3
Sol로랭크2,Alistar,CS 37.0 (1.5),6.00:1,1.0,2.0,11.0,100%,1
Sol로랭크2,Taliyah,CS 181.0 (7.6),15.00:1,10.0,2.0,20.0,100%,1
imp8,Caitlyn,CS 235.2 (9.2),2.24:1,4.8,4.6,5.5,48%,302
imp8,Xayah,CS 238.8 (9.3),3.04:1,6.2,4.2,6.4,61%,188
imp8,Varus,CS 239.3 (9.0),2.72:1,5.9,4.5,6.4,53%,150
imp8,Ezreal,CS 220.6 (8.4),2.85:1,5.3,4.4,7.2,54%,137
imp8,Kai'Sa,CS 209.3 (8.7),2.49:1,6.7,4.8,5.3,61%,94
imp8,Kog'Maw,CS 224.0 (8.8),2.19:1,6.0,5.2,5.5,51%,53
imp8,Jarvan IV,CS 145.2 (5.7),2.70:1,3.9,4.5,8.3,45%,47
tjudlsawqz,Tristana,CS 225.5 (9.2),3.20:1,6.7,3.8,5.4,68%,82
tjudlsawqz,Varus,CS 241.5 (9.5),3.36:1,7.5,4.0,5.9,59%,51
tjudlsawqz,Xayah,CS 229.6 (9.2),2.56:1,5.4,4.2,5.3,56%,48
tjudlsawqz,Ezreal,CS 207.9 (8.9),2.80:1,5.2,3.9,5.6,49%,37
tjudlsawqz,Alistar,CS 43.3 (1.7),3.18:1,1.6,4.3,12.1,57%,35
tjudlsawqz,Draven,CS 207.8 (8.7),3.01:1,8.4,4.7,5.8,67%,24
tjudlsawqz,Caitlyn,CS 212.7 (9.0),2.90:1,5.0,3.7,5.9,61%,23
온실속의감자,Ezreal,CS 204.6 (8.3),3.98:1,5.8,3.1,6.4,65%,118
온실속의감자,Kai'Sa,CS 202.5 (8.3),3.53:1,7.1,3.5,5.3,66%,35
온실속의감자,Jhin,CS 203.8 (7.8),3.21:1,4.9,3.6,6.8,32%,22
온실속의감자,Caitlyn,CS 228.4 (8.4),2.60:1,5.1,4.4,6.3,45%,20
온실속의감자,Swain,CS 193.3 (7.0),2.83:1,5.9,5.3,9.2,80%,15
온실속의감자,Xayah,CS 188.1 (8.0),3.38:1,5.3,3.5,6.6,53%,15
온실속의감자,Lucian,CS 194.2 (7.9),4.22:1,5.8,3.2,7.5,77%,13
TOLAND,LeBlanc,CS 143.6 (6.3),3.37:1,7.4,3.9,5.7,65%,49
TOLAND,Ryze,CS 197.7 (8.3),2.78:1,6.2,4.5,6.3,63%,48
TOLAND,Zoe,CS 172.9 (6.8),2.58:1,5.8,5.2,7.5,58%,40
TOLAND,Cassiopeia,CS 187.5 (7.8),2.03:1,5.7,5.4,5.3,63%,38
TOLAND,Kassadin,CS 173.6 (7.6),3.27:1,7.3,4.0,5.8,75%,32
TOLAND,Ezreal,CS 197.0 (7.7),2.42:1,4.7,4.8,6.8,50%,32
TOLAND,Taliyah,CS 206.0 (8.3),2.94:1,6.8,4.7,7.0,63%,30
GimGoon,Camille,CS 201.5 (7.8),3.43:1,5.4,3.2,5.5,65%,81
GimGoon,Gangplank,CS 241.4 (8.4),3.51:1,4.5,3.6,8.0,63%,57
GimGoon,Singed,CS 184.1 (8.1),3.18:1,3.7,3.4,7.0,73%,48
GimGoon,Vladimir,CS 226.0 (8.2),2.81:1,4.6,3.6,5.5,62%,34
GimGoon,Aurelion Sol,CS 200.9 (7.6),3.04:1,5.5,4.1,6.8,43%,28
GimGoon,Jax,CS 202.6 (8.4),2.15:1,4.3,3.5,3.3,56%,25
GimGoon,Irelia,CS 210.3 (8.4),2.36:1,6.4,4.5,4.2,58%,19
귀여운안지영,Sion,CS 185.5 (6.7),3.45:1,2.9,3.4,8.8,61%,31
귀여운안지영,Morgana,CS 18.6 (0.8),3.19:1,2.4,3.8,9.7,57%,28
귀여운안지영,Lee Sin,CS 124.9 (5.1),2.53:1,5.6,4.8,6.6,52%,21
귀여운안지영,Xin Zhao,CS 137.9 (5.4),2.94:1,5.1,4.9,9.4,71%,17
귀여운안지영,Olaf,CS 119.0 (5.2),3.19:1,5.6,4.0,7.1,59%,17
귀여운안지영,Zac,CS 130.3 (4.6),3.43:1,3.0,4.5,12.4,63%,16
귀여운안지영,Cho'Gath,CS 182.1 (6.9),2.71:1,3.4,3.7,6.7,50%,14
BBBaby,Kha'Zix,CS 146.0 (5.6),4.04:1,7.2,3.3,6.1,75%,83
BBBaby,Sejuani,CS 134.0 (5.3),4.81:1,3.7,2.6,9.1,62%,73
BBBaby,Camille,CS 133.8 (5.5),3.31:1,6.2,3.9,6.7,61%,56
BBBaby,Skarner,CS 144.7 (5.4),4.13:1,3.1,3.1,9.6,61%,31
BBBaby,Nidalee,CS 168.2 (6.6),4.45:1,6.3,3.0,6.9,55%,31
BBBaby,Jax,CS 173.0 (6.3),2.37:1,4.4,4.5,6.3,56%,27
BBBaby,Olaf,CS 132.3 (5.9),3.23:1,5.2,3.5,6.0,52%,25
롤오브레전드1234,Alistar,CS 43.1 (1.6),2.70:1,1.7,4.8,11.2,56%,188
롤오브레전드1234,Braum,CS 56.9 (2.2),3.03:1,1.3,3.8,10.1,50%,142
롤오브레전드1234,Tahm Kench,CS 57.1 (2.2),2.20:1,2.0,4.8,8.7,51%,77
롤오브레전드1234,Karma,CS 144.4 (5.5),2.60:1,3.1,4.6,9.0,51%,74
롤오브레전드1234,Rakan,CS 15.7 (0.6),2.93:1,1.7,4.7,12.0,51%,51
롤오브레전드1234,Taric,CS 53.0 (2.1),2.51:1,1.5,4.6,10.0,54%,39
롤오브레전드1234,Shen,CS 73.5 (2.6),3.05:1,2.4,5.0,12.9,47%,36
WooXiang2,Ezreal,CS 207.8 (8.1),3.75:1,5.7,3.4,7.2,63%,87
WooXiang2,Xayah,CS 207.0 (8.5),3.06:1,5.8,3.7,5.7,51%,39
WooXiang2,Kai'Sa,CS 167.6 (7.7),3.64:1,6.6,3.3,5.4,61%,38
WooXiang2,Corki,CS 213.8 (9.7),5.98:1,7.9,2.1,4.7,84%,19
WooXiang2,Varus,CS 211.4 (8.3),3.22:1,7.1,4.5,7.4,58%,19
WooXiang2,Vladimir,CS 187.4 (7.6),2.38:1,4.7,3.9,4.5,60%,15
WooXiang2,Jhin,CS 152.9 (6.9),3.03:1,4.9,4.3,8.1,64%,14
JinAirNova,Rakan,CS 17.3 (0.7),4.43:1,1.9,3.3,12.6,73%,74
JinAirNova,Morgana,CS 21.6 (0.8),4.14:1,2.2,3.5,12.3,56%,27
JinAirNova,Tahm Kench,CS 46.9 (1.8),3.00:1,1.8,3.6,8.9,52%,27
JinAirNova,Janna,CS 14.7 (0.6),4.26:1,1.1,2.8,10.7,64%,25
JinAirNova,Braum,CS 45.7 (1.7),3.53:1,1.2,3.6,11.6,48%,23
JinAirNova,Alistar,CS 38.2 (1.5),2.81:1,1.1,4.2,10.7,48%,23
JinAirNova,Sion,CS 185.7 (6.9),3.00:1,1.7,3.2,7.8,42%,12
뽀오뽀오,Karthus,CS 223.2 (8.7),2.96:1,6.3,4.5,7.0,66%,140
뽀오뽀오,Zilean,CS 173.8 (6.5),3.21:1,3.4,3.7,8.3,67%,9
뽀오뽀오,Cassiopeia,CS 237.9 (8.5),1.70:1,3.8,4.8,4.3,44%,9
뽀오뽀오,Heimerdinger,CS 186.4 (7.6),1.61:1,4.3,4.7,3.3,43%,7
뽀오뽀오,Galio,CS 203.8 (7.8),1.96:1,4.4,5.4,6.2,80%,5
뽀오뽀오,Karma,CS 169.2 (7.4),2.11:1,3.0,3.6,4.6,60%,5
뽀오뽀오,Swain,CS 179.3 (7.2),2.50:1,3.0,4.0,7.0,67%,3
NekoL,Ezreal,CS 240.3 (9.1),4.09:1,5.8,2.9,6.3,51%,108
NekoL,Caitlyn,CS 251.5 (9.5),4.27:1,5.9,2.9,6.3,61%,82
NekoL,Kai'Sa,CS 228.8 (9.1),3.56:1,6.9,3.3,4.9,60%,63
NekoL,Xayah,CS 237.2 (9.2),3.58:1,5.2,3.1,5.9,47%,53
NekoL,Jhin,CS 233.6 (9.1),5.06:1,6.2,2.7,7.5,61%,46
NekoL,Varus,CS 264.4 (9.7),3.22:1,6.1,3.9,6.3,66%,41
NekoL,Vayne,CS 230.6 (8.8),2.60:1,6.4,4.5,5.3,52%,31
블러드이블,Gangplank,CS 214.6 (8.5),2.97:1,5.2,3.9,6.3,63%,446
블러드이블,Vladimir,CS 192.2 (8.2),2.73:1,5.8,3.8,4.5,56%,137
블러드이블,Pantheon,CS 117.0 (5.0),3.29:1,6.6,3.9,6.2,60%,83
블러드이블,Fiora,CS 197.2 (7.2),1.47:1,3.8,5.4,4.2,39%,31
블러드이블,Nasus,CS 189.0 (6.8),2.06:1,5.1,5.0,5.1,67%,21
블러드이블,Jax,CS 178.6 (6.8),1.88:1,5.4,5.2,4.3,53%,19
블러드이블,Gnar,CS 155.6 (7.0),1.89:1,3.1,3.9,4.3,39%,18
너와나의연결Gori,Ryze,CS 229.7 (9.0),4.08:1,5.6,2.9,6.0,65%,57
너와나의연결Gori,Azir,CS 230.4 (8.7),3.28:1,5.1,3.4,5.9,58%,38
너와나의연결Gori,Taliyah,CS 224.3 (9.0),4.18:1,5.4,3.0,7.2,55%,38
너와나의연결Gori,Zoe,CS 210.8 (8.1),4.00:1,6.7,3.2,6.1,60%,35
너와나의연결Gori,LeBlanc,CS 190.7 (7.4),4.01:1,6.8,3.2,6.0,53%,34
너와나의연결Gori,Galio,CS 211.4 (8.0),3.28:1,5.5,3.8,7.1,46%,24
너와나의연결Gori,Kassadin,CS 178.5 (7.9),3.11:1,4.7,2.6,3.5,52%,21
lookatmy,Tahm Kench,CS 52.4 (2.1),3.53:1,1.5,3.4,10.4,63%,30
lookatmy,Morgana,CS 20.1 (0.9),5.36:1,2.2,2.7,12.1,75%,28
lookatmy,Rakan,CS 16.3 (0.6),4.15:1,2.3,4.0,14.1,63%,24
lookatmy,Alistar,CS 36.5 (1.5),4.13:1,1.7,3.5,12.6,60%,15
lookatmy,Shen,CS 66.0 (2.6),3.24:1,2.2,4.2,11.4,43%,14
lookatmy,Karma,CS 87.0 (4.1),2.46:1,3.0,4.3,7.6,46%,13
lookatmy,Soraka,CS 12.8 (0.5),5.79:1,1.6,2.3,11.9,75%,12
센센S2,Camille,CS 129.5 (4.9),2.70:1,6.4,4.9,6.9,56%,54
센센S2,Ezreal,CS 193.6 (7.5),3.17:1,5.5,4.0,7.3,54%,41
센센S2,Nidalee,CS 162.7 (5.9),3.36:1,6.4,4.2,7.9,61%,38
센센S2,Skarner,CS 135.8 (5.4),4.30:1,2.8,2.8,9.1,65%,31
센센S2,Sejuani,CS 135.0 (5.0),4.75:1,4.4,3.1,10.4,61%,31
센센S2,Kha'Zix,CS 119.5 (4.9),3.22:1,7.2,4.0,5.8,56%,27
센센S2,Xin Zhao,CS 126.8 (5.1),1.93:1,5.8,6.2,6.2,45%,22
커닝시티천지,Zoe,CS 194.4 (8.0),2.99:1,5.8,4.1,6.5,59%,46
커닝시티천지,Taliyah,CS 224.1 (8.7),3.78:1,6.4,3.9,8.2,79%,29
커닝시티천지,Galio,CS 234.5 (8.2),3.58:1,6.4,4.5,9.5,58%,26
커닝시티천지,Ryze,CS 222.0 (9.0),2.65:1,5.2,4.2,6.1,48%,25
커닝시티천지,Talon,CS 206.3 (8.1),2.23:1,7.3,5.4,4.9,61%,18
커닝시티천지,Azir,CS 235.4 (8.9),2.10:1,4.6,4.3,4.5,56%,18
커닝시티천지,Vel'Koz,CS 207.7 (7.9),2.15:1,4.5,4.8,5.9,33%,15
Heart,Vladimir,CS 227.5 (8.6),2.78:1,5.9,4.6,6.8,60%,57
Heart,Ryze,CS 241.4 (9.5),3.22:1,5.9,4.2,7.5,64%,55
Heart,Karma,CS 153.6 (6.2),3.05:1,3.5,4.5,10.3,55%,55
Heart,Galio,CS 212.3 (8.1),2.72:1,3.8,4.7,9.0,54%,26
Heart,Malzahar,CS 203.9 (8.5),2.83:1,5.0,4.5,7.7,61%,23
Heart,Cassiopeia,CS 232.6 (9.0),2.74:1,6.5,4.7,6.4,61%,23
Heart,Orianna,CS 268.3 (9.2),2.97:1,6.3,4.8,7.9,52%,23
HLELava,Zoe,CS 189.5 (7.2),3.14:1,7.9,4.8,7.2,60%,58
HLELava,Ryze,CS 235.7 (9.1),2.93:1,5.6,4.3,6.8,56%,39
HLELava,LeBlanc,CS 165.6 (6.7),3.88:1,7.4,3.8,7.3,78%,32
HLELava,Malzahar,CS 226.8 (8.8),2.61:1,4.4,4.6,7.7,53%,32
HLELava,Karma,CS 170.2 (7.1),3.21:1,3.4,4.0,9.3,64%,25
HLELava,Galio,CS 192.5 (7.7),3.35:1,4.5,4.1,9.3,44%,25
HLELava,Taliyah,CS 214.6 (8.2),2.48:1,5.6,5.6,8.3,44%,18
무서운뱀독,Gangplank,CS 227.7 (8.3),3.37:1,4.4,3.9,8.6,71%,34
무서운뱀독,Gnar,CS 206.6 (8.0),2.53:1,4.0,3.5,5.0,71%,24
무서운뱀독,Camille,CS 215.3 (8.2),2.58:1,4.8,3.8,5.1,37%,19
무서운뱀독,Vladimir,CS 225.5 (8.3),2.95:1,4.5,3.5,5.8,65%,17
무서운뱀독,Jax,CS 213.4 (8.0),2.08:1,4.9,4.8,5.1,70%,10
무서운뱀독,Aatrox,CS 201.7 (8.4),2.77:1,5.3,3.7,5.0,57%,7
무서운뱀독,Ornn,CS 174.4 (7.0),5.44:1,6.0,3.2,11.4,100%,5
SKTT1Pirean,Taliyah,CS 238.2 (8.9),3.19:1,5.2,3.7,6.8,53%,146
SKTT1Pirean,Orianna,CS 225.7 (8.7),3.22:1,4.1,3.2,6.2,54%,135
SKTT1Pirean,Zyra,CS 40.8 (1.5),2.35:1,3.6,5.7,9.7,57%,118
SKTT1Pirean,Azir,CS 252.0 (9.1),2.78:1,4.9,3.8,5.7,44%,109
SKTT1Pirean,Kassadin,CS 220.0 (8.3),3.89:1,6.1,3.0,5.6,59%,95
SKTT1Pirean,Malzahar,CS 218.0 (8.7),2.71:1,3.9,3.6,5.8,51%,82
SKTT1Pirean,Ryze,CS 247.8 (9.3),2.73:1,4.4,3.6,5.5,49%,70
진에어테디,Ezreal,CS 246.6 (9.2),2.99:1,5.4,4.2,7.2,57%,46
진에어테디,Jhin,CS 246.9 (9.1),3.77:1,9.0,4.5,7.8,63%,30
진에어테디,Caitlyn,CS 251.0 (9.9),3.76:1,7.2,3.3,5.2,69%,26
진에어테디,Xayah,CS 246.2 (10.2),4.66:1,9.4,3.4,6.5,76%,17
진에어테디,Kai'Sa,CS 236.6 (9.6),3.48:1,9.1,4.0,4.9,81%,16
진에어테디,Varus,CS 277.9 (10.3),3.12:1,7.6,4.4,6.1,77%,13
진에어테디,Ryze,CS 242.1 (9.2),1.85:1,6.1,5.9,4.8,40%,10
lwandy,Janna,CS 16.7 (0.7),3.73:1,2.2,3.8,11.8,64%,407
lwandy,Rakan,CS 12.9 (0.6),2.92:1,2.0,4.6,11.4,55%,121
lwandy,Braum,CS 54.7 (2.2),2.92:1,0.9,4.2,11.5,46%,110
lwandy,Alistar,CS 48.6 (2.0),2.69:1,1.9,4.6,10.6,52%,100
lwandy,Morgana,CS 19.6 (0.8),2.60:1,2.0,5.4,12.1,47%,74
lwandy,Soraka,CS 14.6 (0.6),2.71:1,1.5,5.0,12.0,55%,67
lwandy,Lee Sin,CS 125.7 (5.4),2.40:1,5.2,4.9,6.5,45%,56
검은머리사나이,Zoe,CS 185.7 (7.3),3.36:1,6.5,4.0,6.8,65%,69
검은머리사나이,Irelia,CS 209.2 (8.2),2.19:1,7.1,5.2,4.2,56%,39
검은머리사나이,Ryze,CS 206.7 (8.5),2.41:1,4.5,4.2,5.6,52%,31
검은머리사나이,Vladimir,CS 194.5 (8.0),3.05:1,4.9,3.4,5.5,66%,29
검은머리사나이,Talon,CS 193.4 (7.8),2.84:1,7.9,4.4,4.7,50%,26
검은머리사나이,Sion,CS 146.1 (6.0),2.78:1,3.3,4.2,8.5,55%,22
검은머리사나이,Trundle,CS 115.2 (4.8),4.24:1,4.8,3.5,10.0,72%,18
AfreecaKramer,Ezreal,CS 253.6 (9.3),4.43:1,7.0,3.3,7.6,72%,88
AfreecaKramer,Kai'Sa,CS 241.8 (9.2),2.30:1,6.7,5.3,5.4,50%,34
AfreecaKramer,Caitlyn,CS 274.1 (10.0),2.83:1,5.9,4.0,5.3,55%,29
AfreecaKramer,Lucian,CS 277.3 (9.9),3.63:1,7.7,4.1,7.3,68%,22
AfreecaKramer,Varus,CS 252.5 (9.6),3.35:1,6.7,4.1,7.1,64%,22
AfreecaKramer,Tristana,CS 237.9 (9.5),3.44:1,6.0,3.2,4.9,50%,18
AfreecaKramer,Xayah,CS 221.8 (9.3),3.77:1,6.6,3.6,6.8,69%,16
kimtaem1n,Alistar,CS 37.1 (1.5),3.00:1,1.7,4.2,10.9,56%,106
kimtaem1n,Rakan,CS 13.6 (0.5),3.54:1,1.5,3.6,11.3,53%,73
kimtaem1n,Bard,CS 19.4 (0.8),3.15:1,3.1,4.5,11.2,52%,63
kimtaem1n,Morgana,CS 16.8 (0.7),3.76:1,2.5,3.8,11.9,53%,62
kimtaem1n,Tahm Kench,CS 45.9 (1.8),3.00:1,2.3,3.8,9.0,56%,43
kimtaem1n,Braum,CS 48.4 (1.8),4.04:1,1.5,3.7,13.6,64%,42
kimtaem1n,Thresh,CS 24.5 (0.9),3.33:1,1.6,4.4,12.9,53%,40
Taikki,Camille,CS 128.2 (5.1),2.48:1,7.2,5.7,6.8,56%,75
Taikki,Graves,CS 151.0 (6.4),2.47:1,4.6,4.3,6.0,53%,38
Taikki,Kayn,CS 139.5 (5.7),2.87:1,6.7,4.8,7.2,64%,33
Taikki,Xin Zhao,CS 125.6 (5.4),2.13:1,5.2,5.3,6.1,58%,26
Taikki,Kha'Zix,CS 151.3 (5.5),3.37:1,8.3,4.6,7.0,60%,25
Taikki,Trundle,CS 124.9 (5.3),3.03:1,5.1,4.6,8.8,50%,22
Taikki,Ivern,CS 118.1 (5.2),4.45:1,2.1,2.9,11.0,75%,16
서울카즈아,Rakan,CS 16.4 (0.6),3.50:1,1.7,4.6,14.4,60%,78
서울카즈아,Tahm Kench,CS 48.3 (1.9),3.46:1,1.7,3.9,11.8,72%,72
서울카즈아,Alistar,CS 37.8 (1.4),3.19:1,2.1,5.1,14.2,67%,70
서울카즈아,Thresh,CS 20.2 (0.8),3.32:1,2.2,4.4,12.5,54%,65
서울카즈아,Karma,CS 44.2 (1.6),3.30:1,2.3,4.6,12.8,56%,43
서울카즈아,Braum,CS 47.2 (1.8),3.33:1,1.1,4.2,12.9,56%,34
서울카즈아,Morgana,CS 16.3 (0.7),3.53:1,1.8,4.1,12.6,55%,29
SKTT1M4A1,Darius,CS 214.1 (8.5),2.38:1,6.0,4.0,3.6,62%,362
SKTT1M4A1,Jax,CS 212.5 (8.6),1.57:1,4.4,4.7,2.9,54%,101
SKTT1M4A1,Fizz,CS 190.3 (7.5),2.92:1,7.7,4.6,5.7,56%,57
SKTT1M4A1,Master Yi,CS 221.4 (8.5),2.05:1,11.1,7.1,3.4,76%,21
SKTT1M4A1,Nasus,CS 223.6 (8.7),2.71:1,3.3,3.0,4.9,100%,8
SKTT1M4A1,Janna,CS 23.2 (1.0),3.33:1,2.2,5.0,14.5,50%,6
SKTT1M4A1,Malphite,CS 201.3 (7.2),3.16:1,3.0,4.2,10.2,50%,6
마마돈워리,Zoe,CS 200.0 (8.0),2.54:1,6.7,5.1,6.4,54%,39
마마돈워리,Yasuo,CS 201.9 (8.3),1.42:1,4.9,6.5,4.3,44%,36
마마돈워리,Anivia,CS 244.1 (9.5),4.62:1,5.3,2.6,6.5,78%,32
마마돈워리,Ryze,CS 206.9 (8.6),2.54:1,7.0,5.3,6.4,70%,27
마마돈워리,LeBlanc,CS 174.6 (7.1),2.39:1,6.8,5.4,6.2,55%,20
마마돈워리,Cassiopeia,CS 200.9 (8.0),2.02:1,6.3,5.6,5.0,61%,18
마마돈워리,Fiora,CS 227.4 (8.1),1.69:1,6.2,6.5,4.8,65%,17
GabrielCRO,Kha'Zix,CS 133.7 (5.2),3.33:1,6.8,3.8,6.0,59%,146
GabrielCRO,Camille,CS 147.3 (5.5),2.78:1,6.0,4.8,7.3,55%,88
GabrielCRO,Ezreal,CS 225.6 (8.3),3.03:1,5.3,4.1,7.1,54%,82
GabrielCRO,Lee Sin,CS 129.9 (5.2),3.88:1,6.2,3.8,8.6,71%,69
GabrielCRO,Graves,CS 175.0 (7.0),3.83:1,7.0,3.8,7.5,58%,60
GabrielCRO,Sejuani,CS 136.0 (5.2),4.01:1,3.1,3.3,10.3,60%,52
GabrielCRO,Jarvan IV,CS 142.9 (5.2),3.54:1,4.8,4.4,10.9,54%,52
난질수없다,Camille,CS 120.4 (5.2),2.99:1,6.5,4.4,6.7,63%,32
난질수없다,Olaf,CS 147.6 (5.6),3.40:1,5.3,3.5,6.6,65%,23
난질수없다,Ezreal,CS 217.8 (8.6),2.62:1,4.0,3.4,4.8,52%,23
난질수없다,Kha'Zix,CS 134.2 (5.2),4.11:1,8.4,3.4,5.7,63%,16
난질수없다,Sejuani,CS 142.9 (5.3),4.17:1,5.2,4.3,12.6,64%,14
난질수없다,LeBlanc,CS 197.9 (6.8),4.02:1,8.4,3.6,6.3,57%,14
난질수없다,Graves,CS 179.6 (6.5),3.63:1,7.1,3.7,6.3,69%,13
빙돌아튕겨서,Alistar,CS 39.6 (1.6),3.35:1,1.8,3.7,10.6,66%,102
빙돌아튕겨서,Rakan,CS 12.8 (0.5),4.31:1,1.6,3.1,11.5,65%,80
빙돌아튕겨서,Morgana,CS 18.7 (0.7),3.07:1,2.0,4.1,10.6,49%,47
빙돌아튕겨서,Tahm Kench,CS 48.5 (1.9),3.56:1,2.1,3.7,10.9,60%,40
빙돌아튕겨서,Braum,CS 48.9 (1.8),4.00:1,1.3,3.1,10.9,63%,19
빙돌아튕겨서,Caitlyn,CS 202.4 (8.0),2.68:1,3.9,4.0,6.9,71%,7
빙돌아튕겨서,Ezreal,CS 187.7 (7.3),3.04:1,5.0,4.5,8.7,50%,6
오뚜기3분미트볼,Vladimir,CS 222.8 (9.0),3.00:1,5.7,3.6,4.9,66%,38
오뚜기3분미트볼,Camille,CS 231.5 (8.7),3.40:1,7.3,3.4,4.4,70%,30
오뚜기3분미트볼,Gangplank,CS 241.8 (9.2),3.06:1,4.0,3.3,6.1,43%,30
오뚜기3분미트볼,Ryze,CS 236.7 (9.3),2.39:1,4.6,4.1,5.2,58%,26
오뚜기3분미트볼,Jayce,CS 267.5 (9.4),2.49:1,4.9,4.2,5.6,73%,15
오뚜기3분미트볼,Irelia,CS 247.4 (8.1),1.98:1,5.7,5.9,5.9,50%,14
오뚜기3분미트볼,Jax,CS 247.2 (9.2),3.24:1,6.2,3.1,3.8,82%,11
aoligei,Ryze,CS 214.7 (8.4),2.74:1,4.6,3.8,5.9,48%,94
aoligei,Zoe,CS 203.6 (7.7),3.12:1,5.8,4.1,6.9,57%,77
aoligei,LeBlanc,CS 180.2 (7.3),4.18:1,6.0,3.0,6.8,68%,73
aoligei,Orianna,CS 205.9 (8.5),3.30:1,4.4,3.3,6.4,54%,48
aoligei,Taliyah,CS 194.3 (8.3),3.37:1,5.0,3.3,6.2,55%,47
aoligei,Kha'Zix,CS 115.3 (4.6),2.90:1,6.3,4.1,5.5,50%,46
aoligei,Galio,CS 203.0 (7.9),3.42:1,3.5,3.5,8.3,55%,31
진짜잘안죽음,Ezreal,CS 246.5 (9.0),3.75:1,7.8,4.3,8.4,69%,45
진짜잘안죽음,Caitlyn,CS 246.0 (9.5),3.59:1,5.8,3.3,6.1,61%,31
진짜잘안죽음,Kai'Sa,CS 228.5 (9.1),4.04:1,9.5,3.8,5.8,63%,24
진짜잘안죽음,Xayah,CS 230.6 (9.7),4.56:1,7.8,3.3,7.3,79%,19
진짜잘안죽음,Tristana,CS 202.3 (8.8),4.92:1,8.9,3.1,6.4,74%,19
진짜잘안죽음,Varus,CS 227.4 (9.6),5.03:1,9.0,2.5,3.8,69%,13
진짜잘안죽음,Kog'Maw,CS 226.1 (9.0),3.67:1,7.0,3.8,6.8,63%,8
김국어,Tahm Kench,CS 55.1 (2.2),3.25:1,2.0,3.6,9.6,57%,98
김국어,Braum,CS 56.8 (2.0),3.67:1,1.2,3.6,12.1,50%,70
김국어,Alistar,CS 43.2 (1.6),2.68:1,1.3,4.5,10.7,50%,66
김국어,Morgana,CS 20.8 (0.8),2.92:1,1.9,4.5,11.1,45%,53
김국어,Shen,CS 69.8 (2.7),3.98:1,2.2,3.6,12.0,60%,48
김국어,Janna,CS 21.2 (0.8),3.46:1,1.7,3.8,11.5,62%,47
김국어,Rakan,CS 16.7 (0.6),3.18:1,1.3,3.7,10.4,51%,43
KTDEFT,Ezreal,CS 220.9 (9.0),3.68:1,7.3,4.0,7.3,70%,44
KTDEFT,Kai'Sa,CS 247.0 (8.8),3.16:1,8.4,4.9,7.0,70%,27
KTDEFT,Caitlyn,CS 209.7 (8.9),3.64:1,5.9,3.3,6.0,70%,27
KTDEFT,Xayah,CS 251.5 (9.1),2.59:1,6.9,5.3,6.9,58%,24
KTDEFT,Kog'Maw,CS 209.2 (8.8),3.97:1,4.9,3.0,7.0,75%,12
KTDEFT,Jhin,CS 206.6 (8.0),2.76:1,5.0,4.6,7.8,55%,11
KTDEFT,Lucian,CS 226.6 (8.4),2.61:1,5.3,4.9,7.5,60%,10
하얼빈의쟝첸이야,Alistar,CS 28.2 (1.2),3.81:1,2.7,4.2,13.5,72%,69
하얼빈의쟝첸이야,Morgana,CS 14.7 (0.6),3.55:1,3.0,4.3,12.4,69%,39
하얼빈의쟝첸이야,Gragas,CS 28.1 (1.2),2.38:1,3.3,5.8,10.6,67%,36
하얼빈의쟝첸이야,Rakan,CS 11.3 (0.5),3.31:1,3.1,5.0,13.4,58%,31
하얼빈의쟝첸이야,Kha'Zix,CS 126.2 (5.0),2.84:1,8.5,5.1,5.9,67%,30
하얼빈의쟝첸이야,Xin Zhao,CS 119.6 (4.6),1.92:1,5.5,6.7,7.4,57%,23
하얼빈의쟝첸이야,Tahm Kench,CS 42.0 (1.7),1.96:1,2.2,6.0,9.5,43%,21
happywindman2,Vladimir,CS 225.8 (8.8),2.64:1,6.4,4.6,5.7,67%,103
happywindman2,Kha'Zix,CS 124.4 (4.8),2.41:1,7.1,6.2,7.7,58%,79
happywindman2,Kassadin,CS 204.4 (8.0),2.90:1,6.9,4.7,6.7,55%,65
happywindman2,Lee Sin,CS 120.7 (4.7),2.21:1,5.1,5.9,8.0,45%,58
happywindman2,Ryze,CS 222.3 (8.9),2.46:1,5.4,4.6,5.8,54%,56
happywindman2,Jayce,CS 193.3 (7.7),1.95:1,5.7,6.3,6.5,55%,53
happywindman2,Jarvan IV,CS 122.9 (4.9),2.86:1,3.9,5.2,11.1,41%,37
담원쇼메이커,Cassiopeia,CS 226.4 (8.7),3.97:1,8.1,3.6,6.1,75%,65
담원쇼메이커,Zoe,CS 203.7 (7.8),3.51:1,8.1,4.0,5.8,56%,45
담원쇼메이커,Katarina,CS 177.8 (7.3),3.66:1,9.6,4.1,5.4,67%,43
담원쇼메이커,Ryze,CS 219.3 (8.5),2.53:1,5.5,4.2,5.1,42%,38
담원쇼메이커,Jayce,CS 212.0 (7.8),2.93:1,7.6,5.1,7.4,62%,29
담원쇼메이커,Syndra,CS 242.2 (8.6),2.76:1,5.6,4.1,5.8,59%,29
담원쇼메이커,Ekko,CS 201.0 (7.9),3.20:1,7.8,4.0,4.9,57%,28
pvman,Camille,CS 112.2 (4.6),2.70:1,7.8,6.0,8.5,76%,50
pvman,Graves,CS 131.1 (5.2),1.93:1,5.2,6.2,6.9,58%,26
pvman,Xin Zhao,CS 96.7 (4.1),1.86:1,5.7,6.6,6.5,67%,21
pvman,Kha'Zix,CS 97.0 (4.3),3.30:1,8.7,4.4,5.6,79%,14
pvman,Lee Sin,CS 99.8 (4.2),3.27:1,5.0,4.3,9.2,75%,12
pvman,Nidalee,CS 141.8 (6.3),5.03:1,8.4,2.9,6.2,80%,10
pvman,Olaf,CS 118.6 (5.1),3.86:1,4.8,3.1,7.2,67%,9
yiwancibeishang,Kha'Zix,CS 125.8 (5.2),3.13:1,7.3,4.0,5.1,58%,206
yiwancibeishang,Camille,CS 132.9 (5.3),2.83:1,7.2,5.0,7.0,58%,179
yiwancibeishang,Shyvana,CS 171.5 (6.9),3.38:1,5.5,3.3,5.6,51%,141
yiwancibeishang,Gangplank,CS 218.8 (8.3),1.93:1,3.8,5.1,6.0,49%,138
yiwancibeishang,Sejuani,CS 139.2 (5.4),4.08:1,3.9,3.4,10.0,60%,120
yiwancibeishang,Olaf,CS 141.0 (5.7),2.96:1,5.3,4.1,6.8,53%,93
yiwancibeishang,Jarvan IV,CS 135.8 (5.3),2.96:1,5.2,4.9,9.3,46%,87
이도류,Singed,CS 194.9 (8.0),2.42:1,3.9,4.7,7.6,64%,80
이도류,Irelia,CS 200.8 (8.1),2.04:1,6.1,5.2,4.4,52%,54
이도류,Gangplank,CS 187.4 (8.0),2.38:1,3.9,3.6,4.7,53%,43
이도류,Sion,CS 193.4 (7.3),3.80:1,3.3,3.0,8.2,62%,39
이도류,Swain,CS 201.3 (7.7),2.36:1,4.5,4.2,5.5,57%,35
이도류,Camille,CS 182.8 (7.3),2.39:1,5.8,4.9,5.9,61%,33
이도류,Riven,CS 207.6 (7.9),2.05:1,5.2,4.2,3.3,36%,25
Deifinu,Ezreal,CS 211.7 (8.7),3.70:1,5.2,3.1,6.2,60%,101
Deifinu,Caitlyn,CS 218.4 (8.8),2.65:1,4.7,3.7,5.0,49%,53
Deifinu,Kai'Sa,CS 216.7 (8.5),3.24:1,7.1,4.1,6.1,65%,40
Deifinu,Tristana,CS 236.7 (9.3),3.29:1,5.1,3.0,4.8,54%,37
Deifinu,Xayah,CS 233.0 (9.5),3.32:1,4.5,3.2,6.0,55%,31
Deifinu,Jhin,CS 213.0 (8.1),3.31:1,4.5,3.3,6.4,52%,31
Deifinu,Varus,CS 264.2 (9.3),3.73:1,5.4,3.2,6.5,50%,26
뿡형,Kha'Zix,CS 126.9 (5.1),2.98:1,7.4,4.0,4.5,61%,171
뿡형,Camille,CS 135.2 (5.2),2.41:1,6.3,5.2,6.1,53%,79
뿡형,Xin Zhao,CS 125.6 (5.3),2.30:1,5.4,5.2,6.6,50%,72
뿡형,Ezreal,CS 198.1 (7.7),2.59:1,5.4,4.6,6.4,48%,61
뿡형,LeBlanc,CS 170.4 (6.6),2.95:1,7.6,4.3,5.1,66%,56
뿡형,Vayne,CS 191.1 (7.9),2.32:1,6.8,5.0,4.9,61%,51
뿡형,Caitlyn,CS 213.4 (8.0),2.79:1,6.4,4.7,6.6,55%,51
명jhin이,Caitlyn,CS 203.7 (8.0),3.16:1,4.8,3.3,5.8,56%,188
명jhin이,Ezreal,CS 188.3 (7.4),3.54:1,5.1,3.4,6.9,56%,149
명jhin이,Xayah,CS 191.2 (7.8),2.85:1,4.4,3.6,5.9,49%,127
명jhin이,Varus,CS 202.4 (7.9),2.77:1,4.5,3.8,6.0,46%,114
명jhin이,Draven,CS 184.6 (7.5),2.72:1,5.8,4.2,5.7,57%,107
명jhin이,Kalista,CS 207.2 (8.2),2.80:1,5.3,4.0,5.8,47%,95
명jhin이,Taliyah,CS 185.6 (7.2),3.35:1,5.4,3.8,7.5,59%,86
생뚱맞은앵뚱쌩뚱,Ezreal,CS 211.4 (8.5),3.83:1,6.0,3.6,7.8,69%,65
생뚱맞은앵뚱쌩뚱,Tristana,CS 223.5 (8.7),3.35:1,7.5,4.3,6.7,84%,31
생뚱맞은앵뚱쌩뚱,Xayah,CS 215.1 (9.0),4.73:1,7.4,3.2,7.7,76%,21
생뚱맞은앵뚱쌩뚱,Ryze,CS 211.7 (8.3),3.06:1,5.6,4.0,6.5,55%,20
생뚱맞은앵뚱쌩뚱,Caitlyn,CS 211.7 (8.4),2.97:1,5.3,4.2,7.1,58%,19
생뚱맞은앵뚱쌩뚱,Jhin,CS 203.2 (8.2),4.09:1,8.6,4.2,8.5,55%,11
생뚱맞은앵뚱쌩뚱,Kai'Sa,CS 175.5 (8.6),4.50:1,8.3,3.4,7.0,90%,10
롤스터단합KT,Gangplank,CS 217.5 (8.0),2.72:1,5.4,4.7,7.3,59%,147
롤스터단합KT,Camille,CS 191.0 (7.3),2.57:1,7.7,5.3,5.9,70%,94
롤스터단합KT,Gnar,CS 217.9 (8.0),2.63:1,5.7,4.5,6.1,54%,69
롤스터단합KT,Singed,CS 173.6 (7.6),2.66:1,3.9,4.4,7.7,58%,48
롤스터단합KT,Vladimir,CS 215.9 (8.2),2.15:1,5.5,5.0,5.2,58%,45
롤스터단합KT,Zac,CS 119.4 (4.7),3.97:1,3.9,3.8,11.2,59%,44
롤스터단합KT,Swain,CS 192.5 (7.4),2.64:1,5.7,4.5,6.2,53%,38
Levellup,Kha'Zix,CS 145.9 (5.4),3.24:1,6.3,4.0,6.8,53%,114
Levellup,Zac,CS 136.3 (5.3),3.83:1,3.1,3.5,10.4,65%,77
Levellup,Shyvana,CS 167.7 (6.5),3.83:1,6.1,3.3,6.4,59%,66
Levellup,Skarner,CS 132.5 (5.3),3.04:1,3.3,4.0,9.0,50%,40
Levellup,Olaf,CS 150.3 (5.6),3.41:1,5.7,3.8,7.3,64%,39
Levellup,Cassiopeia,CS 220.3 (8.5),2.50:1,5.1,3.9,4.7,63%,38
Levellup,Ezreal,CS 194.3 (7.2),3.72:1,4.7,3.4,7.8,46%,24
bullybully,Camille,CS 179.1 (7.0),2.95:1,5.8,3.8,5.4,61%,147
bullybully,Gnar,CS 184.6 (7.5),3.17:1,4.1,3.1,5.7,60%,98
bullybully,Vladimir,CS 206.2 (7.8),2.28:1,4.5,3.9,4.3,55%,86
bullybully,Gangplank,CS 207.9 (7.8),2.47:1,4.0,4.0,5.9,47%,83
bullybully,Sion,CS 196.8 (7.3),3.27:1,3.3,3.3,7.4,59%,66
bullybully,Ornn,CS 176.6 (6.8),3.17:1,3.4,3.6,8.1,56%,57
bullybully,Fiora,CS 185.1 (7.6),1.79:1,3.9,4.2,3.6,49%,47
아름다운서울,Lee Sin,CS 134.1 (5.5),3.38:1,6.6,4.1,7.4,51%,104
아름다운서울,Kha'Zix,CS 141.4 (5.4),2.89:1,7.8,4.8,6.0,51%,103
아름다운서울,Camille,CS 137.6 (5.7),2.49:1,6.0,5.1,6.6,52%,71
아름다운서울,Xin Zhao,CS 138.3 (5.8),3.03:1,7.4,5.0,7.8,61%,67
아름다운서울,Graves,CS 181.7 (7.3),3.09:1,6.1,4.1,6.6,51%,55
아름다운서울,Olaf,CS 141.5 (6.0),3.56:1,6.5,3.9,7.4,63%,48
아름다운서울,Jarvan IV,CS 145.1 (5.7),3.26:1,4.7,4.3,9.4,51%,43
xiaoqiupup,Aatrox,CS 197.5 (8.0),2.93:1,5.2,3.5,5.1,63%,237
xiaoqiupup,Camille,CS 178.9 (7.3),2.14:1,4.9,4.4,4.6,55%,73
xiaoqiupup,Jax,CS 211.6 (8.2),1.93:1,4.8,4.6,4.0,63%,35
xiaoqiupup,Sion,CS 170.3 (7.0),2.35:1,2.8,3.9,6.4,41%,29
xiaoqiupup,Alistar,CS 47.6 (2.0),2.19:1,1.5,4.9,9.3,57%,14
xiaoqiupup,Tahm Kench,CS 64.9 (2.5),3.00:1,1.9,4.7,12.2,60%,10
xiaoqiupup,Fiora,CS 235.0 (8.5),2.25:1,5.2,4.4,4.8,33%,9
keria00,Tahm Kench,CS 54.7 (2.1),2.94:1,1.6,3.9,9.8,61%,149
keria00,Alistar,CS 44.2 (1.6),2.68:1,1.7,5.0,11.8,46%,84
keria00,Rakan,CS 12.9 (0.5),3.36:1,1.8,4.0,11.8,60%,81
keria00,Braum,CS 54.5 (2.0),3.27:1,1.2,4.0,11.9,49%,75
keria00,Thresh,CS 15.7 (0.6),3.00:1,1.5,4.3,11.3,60%,72
keria00,Morgana,CS 20.7 (0.8),2.83:1,2.1,4.9,11.6,60%,42
keria00,Ezreal,CS 220.8 (8.1),3.66:1,5.3,3.7,8.3,55%,42
구마유시,Ezreal,CS 224.0 (8.7),3.22:1,4.9,3.7,6.9,52%,236
구마유시,Xayah,CS 243.6 (9.4),3.54:1,5.4,3.4,6.5,61%,171
구마유시,Kayn,CS 140.4 (5.4),2.68:1,6.1,4.6,6.2,50%,117
구마유시,Jhin,CS 237.1 (8.9),3.57:1,5.3,3.4,6.8,44%,114
구마유시,Caitlyn,CS 233.9 (9.1),3.13:1,4.7,3.4,5.9,49%,86
구마유시,Tristana,CS 231.4 (9.0),2.67:1,5.2,3.7,4.7,43%,86
구마유시,Kai'Sa,CS 238.1 (9.2),3.34:1,7.3,3.8,5.2,58%,80
Killuafans,Zoe,CS 194.0 (7.5),2.58:1,7.7,5.5,6.5,52%,128
Killuafans,LeBlanc,CS 185.2 (7.2),2.93:1,8.4,5.0,6.4,60%,88
Killuafans,Ryze,CS 226.0 (9.1),2.57:1,6.4,4.9,6.0,51%,82
Killuafans,Kassadin,CS 190.0 (8.0),2.79:1,7.0,4.4,5.4,59%,68
Killuafans,Cassiopeia,CS 212.4 (8.7),2.72:1,6.9,4.8,6.1,68%,60
Killuafans,Orianna,CS 241.7 (9.0),2.84:1,5.9,4.7,7.5,55%,38
Killuafans,Fizz,CS 189.6 (7.4),2.36:1,8.5,5.9,5.5,66%,32
jungsanghyun1,Tahm Kench,CS 60.8 (2.4),3.35:1,2.1,3.4,9.2,53%,112
jungsanghyun1,Alistar,CS 48.2 (2.0),3.91:1,2.1,3.5,11.5,60%,106
jungsanghyun1,Rakan,CS 16.3 (0.7),3.59:1,2.2,3.5,10.4,61%,82
jungsanghyun1,Thresh,CS 23.3 (0.9),3.72:1,1.9,3.4,10.9,55%,62
jungsanghyun1,Shen,CS 64.5 (2.6),4.50:1,2.5,3.2,11.7,59%,59
jungsanghyun1,Janna,CS 27.8 (1.1),4.25:1,2.1,3.1,10.8,51%,59
jungsanghyun1,Braum,CS 62.7 (2.4),4.18:1,1.6,3.2,11.7,46%,54
KongBai,Sion,CS 182.5 (7.0),4.93:1,2.8,2.4,8.9,70%,53
KongBai,Gangplank,CS 221.6 (8.5),2.93:1,4.0,3.5,6.2,62%,53
KongBai,Camille,CS 188.7 (7.2),2.68:1,4.8,4.1,6.1,63%,43
KongBai,Swain,CS 177.4 (7.4),2.17:1,3.1,3.8,5.1,22%,23
KongBai,Kennen,CS 213.9 (8.0),5.02:1,5.6,2.4,6.5,74%,19
KongBai,Darius,CS 202.2 (7.8),2.35:1,5.2,3.7,3.5,47%,17
KongBai,Jayce,CS 194.5 (7.8),2.26:1,3.7,3.9,5.1,75%,16
팀운이절실한사람,Graves,CS 181.6 (7.2),2.46:1,6.6,5.1,6.1,54%,236
팀운이절실한사람,Nidalee,CS 165.8 (6.6),2.93:1,6.5,4.4,6.5,54%,207
팀운이절실한사람,Camille,CS 137.2 (5.4),2.48:1,7.2,5.7,6.8,56%,108
팀운이절실한사람,Karma,CS 30.0 (1.1),2.33:1,3.1,5.8,10.4,51%,55
팀운이절실한사람,Sejuani,CS 149.0 (5.6),3.08:1,3.9,4.1,8.7,48%,42
팀운이절실한사람,Olaf,CS 142.1 (6.0),3.16:1,6.1,4.2,7.2,55%,29
팀운이절실한사람,Jarvan IV,CS 152.3 (5.6),2.63:1,4.3,5.0,9.0,50%,26
HLEKuzan,Ryze,CS 237.2 (8.9),2.23:1,4.6,4.3,4.9,46%,116
HLEKuzan,Vladimir,CS 209.2 (8.1),2.44:1,5.2,4.3,5.3,52%,103
HLEKuzan,Azir,CS 250.8 (9.0),3.19:1,6.5,3.9,5.8,66%,71
HLEKuzan,LeBlanc,CS 172.0 (6.9),2.66:1,5.1,4.2,6.0,50%,56
HLEKuzan,Lissandra,CS 213.5 (8.6),3.18:1,4.3,3.6,7.1,64%,50
HLEKuzan,Galio,CS 214.5 (8.2),3.42:1,4.9,3.9,8.3,65%,48
HLEKuzan,Lucian,CS 225.1 (8.6),1.93:1,5.5,5.1,4.3,54%,46
PandaTV51654,Kha'Zix,CS 124.3 (5.1),2.85:1,7.5,4.8,6.2,60%,98
PandaTV51654,Lee Sin,CS 140.6 (5.5),3.03:1,7.2,5.1,8.3,58%,88
PandaTV51654,Graves,CS 161.9 (6.6),2.18:1,6.3,5.6,5.9,44%,50
PandaTV51654,Xin Zhao,CS 115.0 (5.0),2.40:1,7.5,5.8,6.3,62%,42
PandaTV51654,Twisted Fate,CS 207.8 (8.3),2.63:1,4.3,4.2,6.8,54%,28
PandaTV51654,Nidalee,CS 157.4 (6.2),3.84:1,7.8,4.2,8.4,83%,18
PandaTV51654,Jarvan IV,CS 127.4 (4.4),3.49:1,3.9,5.6,15.8,88%,8
ceIlceIl,Soraka,CS 11.6 (0.5),2.27:1,2.4,6.5,12.4,64%,225
ceIlceIl,Dr. Mundo,CS 157.2 (6.0),2.05:1,4.6,5.5,6.6,62%,34
ceIlceIl,Janna,CS 11.9 (0.5),2.20:1,1.8,5.9,11.2,59%,22
ceIlceIl,Jax,CS 147.6 (5.7),2.13:1,4.7,5.3,6.6,60%,10
ceIlceIl,Twisted Fate,CS 152.0 (6.2),2.09:1,4.3,5.7,7.5,67%,6
ceIlceIl,Twitch,CS 107.0 (6.8),7.00:1,3.0,1.0,4.0,100%,1
ceIlceIl,Graves,CS 186.0 (4.6),2.00:1,4.0,10.0,16.0,100%,1
So1o,Nidalee,CS 155.5 (6.2),3.00:1,5.8,4.1,6.4,56%,193
So1o,Camille,CS 119.9 (4.8),2.85:1,5.9,4.6,7.2,62%,121
So1o,Kha'Zix,CS 135.4 (5.2),2.71:1,6.7,4.5,5.5,55%,47
So1o,Xayah,CS 205.4 (8.2),2.38:1,4.3,4.8,7.3,47%,32
So1o,Sejuani,CS 129.2 (5.2),3.43:1,3.2,3.4,8.5,48%,27
So1o,Zac,CS 127.5 (4.7),5.04:1,4.0,3.1,11.6,63%,24
So1o,Elise,CS 119.6 (4.6),2.19:1,4.6,5.6,7.6,43%,14
아프니까청춘이야,Kha'Zix,CS 143.8 (5.4),3.83:1,8.6,3.7,5.7,64%,141
아프니까청춘이야,Sejuani,CS 137.9 (5.4),4.63:1,3.9,2.9,9.4,55%,91
아프니까청춘이야,Zac,CS 139.7 (5.0),4.65:1,4.2,3.1,10.3,49%,67
아프니까청춘이야,Graves,CS 182.0 (7.1),2.90:1,7.1,4.4,5.6,48%,67
아프니까청춘이야,Ezreal,CS 237.8 (9.0),3.03:1,6.5,4.4,7.0,57%,53
아프니까청춘이야,Nidalee,CS 165.4 (6.2),3.13:1,7.8,4.6,6.7,49%,43
아프니까청춘이야,Skarner,CS 127.6 (5.0),3.25:1,3.1,4.0,10.0,46%,41
NOoOBZ,Vladimir,CS 224.7 (8.8),1.99:1,6.1,5.4,4.7,58%,137
NOoOBZ,Darius,CS 238.2 (8.4),2.28:1,5.8,4.3,3.9,57%,98
NOoOBZ,Camille,CS 117.5 (5.2),2.44:1,6.3,5.0,6.0,57%,92
NOoOBZ,Kha'Zix,CS 116.2 (4.7),2.25:1,6.3,5.6,6.4,57%,54
NOoOBZ,Xin Zhao,CS 107.3 (4.8),2.97:1,5.9,4.4,7.1,62%,53
NOoOBZ,Corki,CS 267.6 (10.6),2.04:1,5.5,4.6,3.9,47%,53
NOoOBZ,Graves,CS 143.1 (6.1),2.72:1,6.8,5.1,7.0,56%,48
zlpgj,Xin Zhao,CS 137.8 (6.1),3.00:1,5.9,4.1,6.4,68%,128
zlpgj,Kha'Zix,CS 133.5 (5.3),3.19:1,7.0,3.9,5.5,50%,117
zlpgj,Graves,CS 162.7 (6.8),3.12:1,5.3,3.8,6.6,53%,89
zlpgj,Olaf,CS 160.6 (6.3),3.99:1,6.8,3.5,7.4,58%,77
zlpgj,Trundle,CS 116.3 (5.0),3.39:1,3.7,3.5,8.2,53%,77
zlpgj,Jax,CS 164.9 (6.6),3.35:1,5.1,3.3,5.8,58%,36
zlpgj,Nocturne,CS 158.3 (6.5),2.80:1,7.1,4.6,5.8,56%,32
KZKhan,Camille,CS 217.4 (8.1),2.22:1,5.8,4.8,5.0,63%,112
KZKhan,Vladimir,CS 223.2 (8.7),2.22:1,4.9,4.3,4.7,57%,67
KZKhan,Gangplank,CS 249.9 (8.7),2.36:1,5.1,5.3,7.4,49%,45
KZKhan,Sion,CS 223.0 (7.9),2.20:1,2.9,4.5,7.0,48%,40
KZKhan,Jax,CS 203.8 (8.1),1.55:1,4.9,5.7,4.0,59%,34
KZKhan,Ryze,CS 231.7 (9.3),1.36:1,2.9,5.0,3.9,33%,27
KZKhan,Fiora,CS 205.1 (7.8),1.51:1,5.1,6.0,3.9,47%,17
lbkgnfkgng,Ezreal,CS 207.7 (8.4),3.72:1,5.6,3.3,6.6,62%,101
lbkgnfkgng,Tristana,CS 208.1 (8.5),3.76:1,6.4,3.3,6.0,61%,49
lbkgnfkgng,Caitlyn,CS 236.8 (8.7),3.13:1,5.8,4.0,6.8,61%,41
lbkgnfkgng,Vladimir,CS 213.3 (8.7),4.06:1,5.5,2.7,5.4,70%,33
lbkgnfkgng,Xayah,CS 225.4 (8.7),2.65:1,4.4,3.8,5.5,43%,21
lbkgnfkgng,Kassadin,CS 187.4 (7.9),4.64:1,6.3,2.5,5.3,67%,18
lbkgnfkgng,Braum,CS 48.9 (1.9),3.92:1,1.7,3.0,10.1,53%,17
루팡그냥너,Karthus,CS 196.8 (7.6),1.98:1,6.9,7.2,7.4,59%,308
루팡그냥너,Zilean,CS 158.9 (6.0),1.95:1,2.7,6.2,9.3,50%,30
루팡그냥너,Syndra,CS 204.0 (7.3),1.25:1,3.9,7.3,5.2,35%,23
루팡그냥너,Ezreal,CS 187.1 (7.8),1.81:1,4.2,5.1,5.0,50%,20
루팡그냥너,Kog'Maw,CS 228.3 (8.0),1.89:1,5.9,7.0,7.4,75%,8
루팡그냥너,Rammus,CS 141.3 (4.8),2.35:1,2.8,6.5,12.5,50%,4
루팡그냥너,Soraka,CS 27.3 (0.8),2.08:1,2.3,8.0,14.3,33%,3
201114,Camille,CS 126.3 (5.7),2.52:1,6.0,4.7,5.8,53%,34
201114,Sejuani,CS 119.6 (5.1),4.01:1,4.1,3.6,10.4,61%,28
201114,Olaf,CS 140.7 (5.5),3.47:1,7.2,4.9,9.6,67%,27
201114,Lee Sin,CS 118.7 (4.7),3.29:1,6.3,4.4,8.3,58%,24
201114,Kha'Zix,CS 133.3 (5.1),3.80:1,9.0,4.3,7.5,70%,23
201114,Skarner,CS 129.2 (5.6),3.79:1,3.5,3.1,8.4,62%,21
201114,Jarvan IV,CS 121.4 (4.9),3.86:1,5.3,4.2,11.0,63%,19
먹는게즐거워,Karma,CS 49.0 (1.9),3.24:1,2.3,4.0,10.7,56%,253
먹는게즐거워,Braum,CS 51.8 (2.0),3.01:1,1.2,4.1,11.2,48%,82
먹는게즐거워,Janna,CS 17.5 (0.7),2.99:1,1.6,4.2,11.1,58%,69
먹는게즐거워,Tahm Kench,CS 52.2 (2.0),2.37:1,1.6,4.6,9.2,52%,60
먹는게즐거워,Taric,CS 44.1 (1.8),2.73:1,1.2,4.0,9.8,54%,39
먹는게즐거워,Lulu,CS 29.4 (1.1),3.86:1,1.8,3.7,12.6,70%,37
먹는게즐거워,Rakan,CS 13.7 (0.6),2.40:1,1.3,4.8,10.3,43%,35
서툴러요,Xin Zhao,CS 137.1 (5.7),3.26:1,5.5,4.0,7.6,69%,42
서툴러요,Graves,CS 152.3 (6.5),3.47:1,6.5,3.7,6.4,57%,42
서툴러요,Camille,CS 133.2 (5.7),3.44:1,7.7,4.0,6.1,71%,34
서툴러요,Rek'Sai,CS 136.2 (5.6),3.37:1,5.0,3.8,7.7,60%,20
서툴러요,Xayah,CS 218.9 (8.6),3.06:1,6.2,4.0,6.1,60%,20
서툴러요,Kha'Zix,CS 132.8 (5.3),3.93:1,6.9,3.3,6.2,61%,18
서툴러요,Ezreal,CS 217.7 (8.5),4.38:1,6.3,3.1,7.4,59%,17
댕체,Galio,CS 240.9 (9.3),3.80:1,5.1,3.5,8.2,60%,181
댕체,Ryze,CS 267.8 (10.2),2.69:1,4.8,3.6,4.8,53%,91
댕체,Cassiopeia,CS 277.2 (10.0),3.04:1,5.7,3.4,4.6,60%,67
댕체,Ekko,CS 239.9 (9.0),3.28:1,7.7,3.8,4.9,58%,57
댕체,Irelia,CS 230.5 (9.4),3.08:1,7.8,4.0,4.5,61%,56
댕체,Vladimir,CS 241.8 (9.3),2.58:1,5.3,3.8,4.6,52%,46
댕체,Yasuo,CS 234.6 (9.2),1.79:1,6.1,5.5,3.8,41%,46
SKTT1Bang,Ezreal,CS 230.8 (8.5),4.29:1,5.3,3.0,7.5,58%,122
SKTT1Bang,Tristana,CS 236.3 (8.8),4.54:1,6.1,2.8,6.4,58%,62
SKTT1Bang,Xayah,CS 267.1 (9.0),3.69:1,6.7,3.6,6.5,59%,39
SKTT1Bang,Caitlyn,CS 233.5 (8.9),3.41:1,4.6,3.0,5.5,57%,35
SKTT1Bang,Varus,CS 269.0 (8.7),3.10:1,5.6,4.3,7.8,50%,26
SKTT1Bang,Kog'Maw,CS 239.9 (9.0),4.23:1,5.8,2.8,6.0,71%,14
SKTT1Bang,Kai'Sa,CS 220.4 (8.7),4.61:1,7.2,3.0,6.7,67%,12
Sol로랭크,Aurelion Sol,CS 200.0 (7.7),3.85:1,6.4,3.7,7.9,64%,259
퍼플팀EA,Karthus,CS 192.6 (7.6),2.11:1,6.5,6.5,7.2,57%,511
퍼플팀EA,Zilean,CS 149.7 (6.0),1.82:1,2.0,5.9,8.8,50%,22
퍼플팀EA,Ezreal,CS 171.7 (6.3),1.91:1,3.7,6.4,8.6,61%,18
퍼플팀EA,Galio,CS 217.9 (8.1),2.53:1,5.4,5.1,7.4,38%,16
퍼플팀EA,Soraka,CS 12.5 (0.5),1.77:1,1.0,5.3,8.4,30%,10
퍼플팀EA,Nautilus,CS 58.9 (2.7),2.54:1,2.1,4.0,8.0,71%,7
퍼플팀EA,Syndra,CS 180.4 (7.2),1.50:1,3.8,5.6,4.6,20%,5
유노유키,Ezreal,CS 233.9 (9.2),3.94:1,7.1,3.6,7.1,67%,60
유노유키,Kai'Sa,CS 203.7 (9.2),5.14:1,9.4,2.9,5.5,78%,55
유노유키,Xayah,CS 235.8 (9.4),4.44:1,8.3,3.6,7.6,69%,45
유노유키,Caitlyn,CS 238.1 (9.2),4.42:1,7.2,3.1,6.5,58%,38
유노유키,Jhin,CS 227.8 (8.9),4.62:1,7.9,3.2,7.0,58%,24
유노유키,Varus,CS 238.8 (9.3),4.86:1,7.3,3.1,7.8,75%,12
유노유키,Kog'Maw,CS 231.7 (9.1),3.59:1,7.7,3.9,6.3,60%,10
KDMSSol,Kai'Sa,CS 206.0 (8.6),2.76:1,7.0,4.2,4.6,61%,54
KDMSSol,Ezreal,CS 215.9 (8.5),2.59:1,5.7,4.5,6.0,56%,39
KDMSSol,Xayah,CS 213.0 (9.0),2.92:1,5.0,3.7,5.9,65%,26
KDMSSol,Vayne,CS 179.7 (8.3),1.61:1,3.8,4.3,3.1,30%,23
KDMSSol,Jhin,CS 234.2 (8.6),3.77:1,5.8,3.8,8.4,67%,21
KDMSSol,Caitlyn,CS 215.6 (8.7),3.09:1,5.9,3.5,4.9,75%,16
KDMSSol,Kog'Maw,CS 211.1 (9.0),1.97:1,5.7,4.8,3.7,64%,14
건들면총든다,Alistar,CS 40.2 (1.5),3.91:1,2.0,3.6,12.0,57%,42
건들면총든다,Rakan,CS 16.6 (0.6),5.91:1,2.6,2.7,13.5,72%,36
건들면총든다,Tahm Kench,CS 62.8 (2.3),4.68:1,2.2,2.8,10.9,61%,36
건들면총든다,Braum,CS 66.3 (2.5),4.83:1,1.3,2.9,12.8,71%,24
건들면총든다,Shen,CS 60.2 (2.3),4.94:1,2.7,2.9,11.5,63%,24
건들면총든다,Taric,CS 65.5 (2.6),4.26:1,1.2,3.2,12.5,58%,19
건들면총든다,Sion,CS 129.8 (4.9),3.19:1,2.6,3.9,9.9,75%,16
6학년4반장용준,Ezreal,CS 211.6 (8.6),3.05:1,5.6,4.0,6.7,59%,96
6학년4반장용준,Caitlyn,CS 245.4 (9.5),3.38:1,4.8,3.0,5.2,55%,82
6학년4반장용준,Xayah,CS 257.0 (9.5),3.40:1,6.3,3.8,6.6,63%,62
6학년4반장용준,Kai'Sa,CS 206.4 (8.7),2.63:1,5.8,4.0,4.7,44%,43
6학년4반장용준,Tristana,CS 254.1 (9.3),4.44:1,7.2,3.1,6.8,67%,27
6학년4반장용준,Varus,CS 214.5 (9.1),2.58:1,4.5,3.5,4.4,38%,21
6학년4반장용준,Jhin,CS 198.2 (8.1),3.43:1,5.5,3.8,7.6,59%,17
Destiny,Tahm Kench,CS 60.3 (2.2),3.73:1,2.4,3.6,11.1,59%,79
Destiny,Taric,CS 59.1 (2.2),3.62:1,1.0,3.3,11.1,70%,40
Destiny,Rakan,CS 17.9 (0.7),4.18:1,2.0,3.3,11.9,65%,34
Destiny,Alistar,CS 40.9 (1.6),3.50:1,2.3,3.4,9.5,44%,32
Destiny,Janna,CS 24.4 (0.8),4.31:1,1.7,3.4,13.0,58%,26
Destiny,Braum,CS 53.9 (2.2),3.42:1,1.1,3.4,10.4,50%,20
Destiny,Thresh,CS 36.8 (1.5),4.21:1,2.0,2.8,9.9,53%,17
정상적인심장,Jax,CS 223.7 (8.6),1.98:1,5.6,4.7,3.7,55%,886
정상적인심장,Fiora,CS 203.6 (8.2),1.48:1,4.0,4.9,3.2,51%,88
정상적인심장,Renekton,CS 241.2 (9.4),2.09:1,4.2,4.1,4.4,52%,60
정상적인심장,Vladimir,CS 195.4 (8.1),1.47:1,3.9,5.3,3.9,35%,55
정상적인심장,Irelia,CS 191.4 (8.1),1.42:1,5.2,6.4,3.8,34%,35
정상적인심장,Kog'Maw,CS 217.6 (8.5),1.91:1,5.9,5.7,5.0,41%,22
정상적인심장,Janna,CS 16.2 (0.6),1.78:1,1.2,5.2,8.0,31%,13
jiangyouping,Nidalee,CS 136.4 (6.0),3.78:1,6.9,3.8,7.4,68%,197
jiangyouping,Graves,CS 154.3 (6.5),3.32:1,7.2,4.2,6.7,69%,62
jiangyouping,Olaf,CS 119.3 (5.3),2.48:1,5.2,4.4,5.7,60%,10
jiangyouping,Lee Sin,CS 144.2 (4.9),2.96:1,6.8,5.4,9.3,78%,9
jiangyouping,Kha'Zix,CS 119.5 (5.0),2.56:1,7.2,6.0,8.2,50%,6
jiangyouping,Malphite,CS 109.0 (5.1),2.42:1,2.3,3.0,5.0,50%,4
jiangyouping,Lulu,CS 99.5 (3.2),2.07:1,2.5,7.0,12.0,100%,2
진에어곰탱이,Ezreal,CS 232.8 (8.9),3.44:1,7.8,4.5,7.6,68%,47
진에어곰탱이,Xayah,CS 247.4 (9.7),3.94:1,8.1,3.9,7.1,76%,29
진에어곰탱이,Kai'Sa,CS 264.8 (9.5),2.58:1,9.3,5.8,5.6,52%,25
진에어곰탱이,Jhin,CS 220.1 (8.7),3.42:1,6.1,4.2,8.3,57%,23
진에어곰탱이,Caitlyn,CS 241.9 (9.7),2.96:1,6.7,4.1,5.3,65%,20
진에어곰탱이,Ryze,CS 253.6 (9.5),2.11:1,7.4,5.5,4.2,44%,18
진에어곰탱이,Varus,CS 250.9 (10.0),3.14:1,8.8,4.6,5.7,81%,16
GenGcuvee,Camille,CS 215.1 (8.1),2.23:1,5.8,4.5,4.2,62%,151
GenGcuvee,Gangplank,CS 219.1 (8.5),2.73:1,5.5,4.2,6.0,61%,96
GenGcuvee,Irelia,CS 210.1 (8.2),2.15:1,7.1,5.0,3.7,51%,82
GenGcuvee,Sion,CS 203.6 (7.3),2.71:1,3.5,4.0,7.4,47%,64
GenGcuvee,Gnar,CS 220.6 (8.4),1.94:1,3.7,4.4,4.7,46%,63
GenGcuvee,Ryze,CS 212.5 (8.6),1.59:1,4.2,4.7,3.2,60%,57
GenGcuvee,Vladimir,CS 227.6 (8.3),1.91:1,4.4,4.6,4.3,44%,54
itsmyday,Kha'Zix,CS 127.5 (4.9),2.83:1,6.6,4.7,6.6,54%,70
itsmyday,Jarvan IV,CS 141.8 (5.1),3.38:1,4.9,4.7,11.1,52%,52
itsmyday,Lee Sin,CS 128.8 (5.1),3.77:1,6.5,3.8,7.7,67%,49
itsmyday,Jax,CS 140.2 (5.7),2.62:1,4.7,4.2,6.2,48%,44
itsmyday,Camille,CS 107.9 (4.5),2.14:1,5.6,5.9,7.0,46%,41
itsmyday,Ryze,CS 212.9 (8.3),2.36:1,5.1,4.6,5.7,53%,38
itsmyday,Sejuani,CS 137.4 (5.1),3.95:1,3.8,3.7,10.8,66%,35
JAGGrace,Zoe,CS 219.4 (8.2),3.27:1,6.6,3.9,6.3,55%,99
JAGGrace,Swain,CS 206.5 (8.2),3.15:1,5.4,3.8,6.5,47%,73
JAGGrace,Galio,CS 213.8 (8.3),3.72:1,4.1,3.2,7.8,55%,49
JAGGrace,Ryze,CS 241.4 (9.2),2.52:1,5.1,3.9,4.8,49%,45
JAGGrace,Cassiopeia,CS 227.9 (8.5),2.38:1,5.5,4.7,5.6,63%,35
JAGGrace,Azir,CS 262.2 (9.2),3.22:1,6.7,3.7,5.3,59%,34
JAGGrace,LeBlanc,CS 182.9 (7.3),2.94:1,5.9,3.7,5.0,52%,31
카페베네설탕도둑,Yasuo,CS 208.5 (8.5),2.57:1,6.2,4.3,4.8,60%,242
카페베네설탕도둑,Vladimir,CS 227.1 (8.2),3.05:1,5.2,3.7,6.1,50%,34
카페베네설탕도둑,Fiora,CS 191.3 (7.7),1.98:1,4.0,3.8,3.5,43%,23
카페베네설탕도둑,Jhin,CS 214.2 (8.0),3.93:1,5.1,3.8,10.1,63%,19
카페베네설탕도둑,Gnar,CS 213.5 (7.9),3.35:1,3.8,3.3,7.3,77%,13
카페베네설탕도둑,Camille,CS 190.1 (7.4),2.30:1,4.6,4.2,5.0,42%,12
카페베네설탕도둑,Viktor,CS 243.5 (9.2),5.41:1,6.6,2.2,5.3,80%,10
DWGShowMaker,Zoe,CS 204.3 (8.0),3.81:1,7.3,3.8,7.1,63%,83
DWGShowMaker,Cassiopeia,CS 203.5 (8.3),2.98:1,6.6,4.0,5.3,66%,61
DWGShowMaker,Katarina,CS 208.9 (7.6),3.95:1,10.0,4.1,6.2,71%,58
DWGShowMaker,Syndra,CS 252.0 (9.0),3.85:1,6.6,3.6,7.1,59%,44
DWGShowMaker,Taliyah,CS 226.0 (8.1),2.71:1,6.4,4.8,6.5,54%,35
DWGShowMaker,Azir,CS 217.1 (8.3),2.86:1,5.2,4.0,6.3,51%,35
DWGShowMaker,Ryze,CS 249.2 (9.0),3.11:1,5.8,3.9,6.3,51%,35
Lehends,Singed,CS 209.9 (8.3),2.44:1,3.3,4.6,7.8,58%,163
Lehends,Shen,CS 73.8 (2.8),3.52:1,2.7,4.2,12.0,64%,102
Lehends,Rakan,CS 15.2 (0.6),3.25:1,2.2,4.2,11.5,51%,72
Lehends,Soraka,CS 15.6 (0.6),2.41:1,1.5,5.0,10.5,51%,55
Lehends,Janna,CS 21.2 (0.8),3.78:1,2.2,4.1,13.2,58%,43
Lehends,Tahm Kench,CS 62.9 (2.4),2.57:1,1.6,4.3,9.4,50%,28
Lehends,Ornn,CS 67.2 (2.8),3.43:1,2.6,3.7,10.1,60%,20
4seidon,Nami,CS 12.2 (0.5),3.26:1,3.1,5.0,13.4,62%,318
4seidon,Nunu,CS 142.4 (5.4),3.81:1,2.6,3.5,10.8,59%,69
4seidon,Miss Fortune,CS 192.0 (6.8),2.56:1,8.3,6.3,7.9,41%,37
4seidon,Udyr,CS 142.8 (5.4),3.24:1,6.6,4.3,7.2,70%,30
4seidon,Ezreal,CS 163.4 (6.7),2.62:1,5.3,4.5,6.6,56%,25
4seidon,Tahm Kench,CS 48.0 (1.9),2.40:1,3.2,5.0,8.8,48%,21
4seidon,Soraka,CS 11.7 (0.5),2.77:1,1.7,4.8,11.6,63%,19
JinAirSoHwan,Gangplank,CS 239.6 (8.9),2.88:1,4.3,3.8,6.6,61%,199
JinAirSoHwan,Camille,CS 219.5 (8.5),2.89:1,5.5,3.7,5.3,66%,119
JinAirSoHwan,Vladimir,CS 227.9 (8.7),2.23:1,4.5,3.9,4.2,53%,106
JinAirSoHwan,Jax,CS 218.3 (8.7),1.78:1,4.5,4.0,2.6,55%,77
JinAirSoHwan,Gnar,CS 232.1 (8.7),2.21:1,4.0,4.1,5.2,55%,51
JinAirSoHwan,Irelia,CS 220.2 (8.8),1.98:1,6.4,4.9,3.2,41%,49
JinAirSoHwan,Jayce,CS 231.3 (8.9),2.16:1,4.4,4.5,5.4,51%,41
커피물조절장인,Camille,CS 181.7 (7.2),2.52:1,5.1,4.3,5.9,51%,119
커피물조절장인,Gnar,CS 234.5 (8.6),2.59:1,4.6,3.9,5.4,55%,105
커피물조절장인,Kennen,CS 228.0 (8.6),3.20:1,5.6,3.4,5.3,60%,96
커피물조절장인,Rumble,CS 205.9 (8.3),2.95:1,4.6,3.5,5.7,58%,89
커피물조절장인,Renekton,CS 236.2 (9.2),2.81:1,4.9,3.7,5.5,67%,72
커피물조절장인,Fiora,CS 207.1 (8.0),1.90:1,4.7,4.5,3.8,52%,66
커피물조절장인,Sejuani,CS 150.1 (5.6),3.53:1,3.9,4.0,10.1,54%,48
독이있다,Zoe,CS 181.3 (7.5),2.72:1,5.8,4.1,5.3,52%,96
독이있다,Ryze,CS 248.1 (9.0),2.71:1,5.6,4.3,6.1,53%,60
독이있다,Karma,CS 181.2 (7.4),3.49:1,2.8,3.1,8.2,52%,54
독이있다,Taliyah,CS 199.2 (8.2),2.78:1,4.9,4.2,6.7,63%,49
독이있다,LeBlanc,CS 187.5 (7.6),3.63:1,8.0,3.5,4.6,71%,35
독이있다,Azir,CS 225.5 (8.9),2.78:1,5.0,3.8,5.6,63%,35
독이있다,Camille,CS 183.5 (7.0),1.97:1,5.8,5.6,5.3,56%,32
ABC123D4,Ezreal,CS 239.7 (9.0),2.84:1,6.8,4.6,6.3,63%,80
ABC123D4,Kalista,CS 245.7 (9.5),2.59:1,6.3,4.6,5.5,54%,54
ABC123D4,Caitlyn,CS 251.1 (9.5),2.16:1,5.0,4.7,5.3,46%,50
ABC123D4,Xayah,CS 273.8 (9.7),2.77:1,6.6,4.8,6.8,49%,41
ABC123D4,Varus,CS 236.6 (9.1),3.35:1,7.6,4.2,6.6,69%,29
ABC123D4,Tristana,CS 267.9 (9.5),3.49:1,7.0,3.7,6.0,70%,23
ABC123D4,Kog'Maw,CS 248.0 (9.0),2.63:1,8.1,5.5,6.2,50%,22
GenGRuler,Ezreal,CS 238.3 (9.0),2.61:1,6.2,4.7,6.0,57%,185
GenGRuler,Caitlyn,CS 243.2 (9.4),2.27:1,5.1,4.4,5.0,51%,172
GenGRuler,Xayah,CS 236.9 (9.3),2.86:1,6.0,4.5,6.9,61%,109
GenGRuler,Jhin,CS 218.3 (8.7),2.51:1,5.7,5.0,6.9,59%,85
GenGRuler,Kai'Sa,CS 214.4 (8.9),2.23:1,7.1,5.3,4.8,49%,76
GenGRuler,Tristana,CS 240.1 (9.3),2.46:1,6.4,4.7,5.3,51%,37
GenGRuler,Varus,CS 243.3 (9.2),2.09:1,4.9,5.1,5.7,41%,32
DoRun,Camille,CS 176.9 (7.0),2.69:1,5.2,4.0,5.4,64%,69
DoRun,Gnar,CS 186.5 (7.6),2.59:1,3.9,3.3,4.6,53%,51
DoRun,Fiora,CS 191.1 (7.7),1.68:1,3.9,4.3,3.2,52%,50
DoRun,Sion,CS 184.1 (7.2),3.13:1,2.0,3.1,7.6,69%,36
DoRun,Dr. Mundo,CS 173.1 (7.1),2.93:1,3.5,3.3,6.1,58%,31
DoRun,Ezreal,CS 178.4 (7.6),2.53:1,3.7,4.0,6.5,38%,21
DoRun,Jax,CS 196.7 (7.5),2.53:1,4.9,3.7,4.4,55%,20
WE77,Rakan,CS 16.8 (0.7),4.25:1,2.6,4.1,14.7,76%,112
WE77,Alistar,CS 41.3 (1.7),3.43:1,1.7,3.9,11.8,56%,90
WE77,Janna,CS 14.5 (0.6),3.37:1,2.0,4.1,11.9,66%,86
WE77,Morgana,CS 16.7 (0.7),3.00:1,2.0,4.7,12.1,60%,58
WE77,Leona,CS 46.8 (1.8),2.77:1,1.7,5.7,14.0,61%,23
WE77,Braum,CS 45.0 (2.0),3.01:1,1.2,3.8,10.3,45%,22
WE77,Thresh,CS 33.5 (1.5),3.00:1,1.6,3.9,10.1,52%,21
GenGCoreJJ,Alistar,CS 40.5 (1.5),3.20:1,1.9,4.2,11.6,58%,175
GenGCoreJJ,Rakan,CS 15.7 (0.6),3.66:1,2.6,4.2,12.8,59%,129
GenGCoreJJ,Tahm Kench,CS 48.5 (2.0),3.07:1,2.4,4.0,9.9,63%,111
GenGCoreJJ,Morgana,CS 17.9 (0.7),3.49:1,2.3,4.2,12.4,52%,73
GenGCoreJJ,Zyra,CS 35.6 (1.3),2.69:1,2.9,4.7,9.8,61%,41
GenGCoreJJ,Braum,CS 51.7 (1.9),3.19:1,1.6,4.0,11.0,53%,40
GenGCoreJJ,Thresh,CS 17.8 (0.7),2.11:1,1.6,4.7,8.3,32%,34
MADl3reeze,Ezreal,CS 214.5 (8.4),2.88:1,5.5,4.3,7.0,55%,148
MADl3reeze,Xayah,CS 222.6 (8.9),3.26:1,5.2,3.4,5.9,54%,91
MADl3reeze,Caitlyn,CS 223.6 (8.8),3.01:1,5.4,3.7,5.9,54%,78
MADl3reeze,Kai'Sa,CS 215.6 (8.5),2.72:1,6.2,4.4,5.7,53%,74
MADl3reeze,Varus,CS 216.2 (8.5),3.00:1,5.2,3.8,6.1,54%,57
MADl3reeze,Tristana,CS 228.1 (9.0),4.04:1,6.6,3.1,5.8,65%,40
MADl3reeze,Twisted Fate,CS 174.3 (7.2),1.78:1,3.0,4.9,5.7,38%,26
ADEZ15GG,Fizz,CS 150.7 (6.3),3.40:1,8.9,4.2,5.3,66%,285
ADEZ15GG,Annie,CS 130.5 (5.4),3.04:1,5.4,4.4,7.9,62%,37
ADEZ15GG,Orianna,CS 188.1 (7.4),2.97:1,7.0,4.9,7.7,56%,16
ADEZ15GG,Cho'Gath,CS 170.4 (6.9),2.94:1,7.4,4.3,5.1,58%,12
ADEZ15GG,Lissandra,CS 167.3 (6.3),1.09:1,2.3,7.3,5.7,33%,3
ADEZ15GG,Rammus,CS 80.0 (3.0),2.91:1,1.5,5.5,14.5,50%,2
ADEZ15GG,Ivern,CS 97.0 (4.0),2.43:1,1.5,3.5,7.0,0%,2
bbqseirA,Ezreal,CS 184.4 (7.7),2.41:1,5.8,5.2,6.9,51%,85
bbqseirA,Xayah,CS 195.9 (8.3),2.83:1,6.5,4.7,6.9,62%,69
bbqseirA,Kai'Sa,CS 189.9 (8.0),2.60:1,7.1,4.9,5.5,61%,59
bbqseirA,Caitlyn,CS 183.3 (7.8),1.97:1,5.0,5.4,5.6,55%,53
bbqseirA,Jhin,CS 175.4 (7.3),2.36:1,5.7,5.4,7.0,53%,53
bbqseirA,Varus,CS 213.8 (8.6),2.46:1,6.3,4.9,5.7,53%,17
bbqseirA,Lucian,CS 191.1 (7.6),1.79:1,5.3,6.8,6.8,50%,16
handcIap,Jax,CS 170.7 (6.5),2.76:1,4.4,3.8,6.0,56%,72
handcIap,Skarner,CS 143.7 (5.5),3.50:1,3.2,3.8,10.2,63%,62
handcIap,Xin Zhao,CS 137.4 (5.6),2.54:1,5.4,4.6,6.4,52%,54
handcIap,Zac,CS 130.8 (5.7),3.50:1,3.1,3.1,7.6,37%,43
handcIap,Kha'Zix,CS 140.1 (5.4),3.52:1,7.5,3.9,6.2,63%,41
handcIap,Olaf,CS 143.8 (5.9),3.79:1,7.1,3.9,7.6,61%,41
handcIap,Zyra,CS 51.2 (2.0),2.53:1,3.2,4.8,9.1,54%,39
Hideonbush,Azir,CS 252.2 (9.4),3.01:1,4.8,3.4,5.5,59%,111
Hideonbush,Irelia,CS 231.4 (9.0),2.73:1,7.6,4.6,4.8,68%,69
Hideonbush,Yasuo,CS 222.0 (8.7),2.12:1,5.4,4.7,4.6,62%,68
Hideonbush,Vladimir,CS 222.4 (8.4),2.20:1,5.3,4.7,5.1,34%,67
Hideonbush,Zoe,CS 234.2 (8.3),3.21:1,6.4,3.9,6.2,51%,51
Hideonbush,Swain,CS 233.1 (8.7),3.88:1,5.9,3.3,6.9,52%,46
Hideonbush,LeBlanc,CS 236.6 (8.2),3.83:1,7.3,3.4,5.6,54%,37
Stilllove,Camille,CS 168.9 (7.1),1.95:1,7.0,5.8,4.3,61%,262
Stilllove,Jax,CS 183.0 (7.7),1.34:1,5.2,6.2,3.1,48%,123
Stilllove,Fiora,CS 183.2 (7.8),1.47:1,6.1,6.3,3.1,59%,111
Stilllove,Graves,CS 131.4 (5.7),1.66:1,5.6,6.4,4.9,46%,28
Stilllove,Vladimir,CS 205.3 (7.4),1.15:1,4.9,7.9,4.2,46%,26
Stilllove,Gnar,CS 198.7 (7.7),1.50:1,3.6,5.7,5.0,45%,20
Stilllove,Jayce,CS 184.7 (7.0),1.43:1,3.9,6.8,5.8,42%,19
커닝시티피그미,Graves,CS 171.1 (7.0),3.34:1,6.6,4.0,6.8,59%,32
커닝시티피그미,Ezreal,CS 194.5 (8.1),2.81:1,5.0,4.3,7.0,55%,31
커닝시티피그미,Camille,CS 139.5 (5.7),3.17:1,6.0,4.1,7.1,74%,27
커닝시티피그미,Kha'Zix,CS 130.0 (5.4),3.27:1,6.5,3.7,5.6,55%,22
커닝시티피그미,Xin Zhao,CS 125.5 (5.4),2.48:1,5.9,5.1,6.7,57%,21
커닝시티피그미,Olaf,CS 125.8 (5.6),3.43:1,4.7,3.4,6.9,67%,18
커닝시티피그미,Nidalee,CS 176.0 (6.3),5.60:1,8.7,3.0,8.1,90%,10
Sharksinthesea,Ezreal,CS 227.6 (8.8),3.33:1,5.5,3.6,6.7,50%,106
Sharksinthesea,Xayah,CS 238.4 (9.0),2.86:1,5.7,4.4,6.8,50%,64
Sharksinthesea,Caitlyn,CS 221.8 (9.1),3.74:1,5.7,3.0,5.5,60%,58
Sharksinthesea,Varus,CS 229.9 (9.4),3.40:1,5.0,3.1,5.6,56%,57
Sharksinthesea,Tristana,CS 233.7 (9.2),3.10:1,5.1,3.2,4.9,51%,47
Sharksinthesea,Kog'Maw,CS 198.5 (8.6),2.56:1,4.7,3.7,4.9,46%,41
Sharksinthesea,Kalista,CS 219.1 (9.0),3.67:1,5.6,3.0,5.4,63%,35
승달리,Nidalee,CS 138.5 (5.6),4.47:1,8.3,3.5,7.5,66%,212
승달리,Elise,CS 113.3 (4.3),2.92:1,5.6,4.8,8.3,53%,30
승달리,Lee Sin,CS 100.6 (4.2),2.96:1,6.1,4.8,8.0,42%,12
승달리,Syndra,CS 205.9 (8.3),3.10:1,5.2,3.5,5.8,73%,11
승달리,Thresh,CS 6.9 (0.3),2.88:1,1.5,4.6,11.8,55%,11
승달리,Graves,CS 131.8 (5.4),3.50:1,6.1,4.0,7.9,56%,9
승달리,Lucian,CS 187.0 (7.4),1.58:1,6.0,6.0,3.5,0%,2
xiaolongbacc,Xin Zhao,CS 141.3 (6.0),3.91:1,7.8,3.8,6.9,77%,113
xiaolongbacc,Rengar,CS 151.3 (6.0),3.42:1,8.5,4.2,5.7,76%,42
xiaolongbacc,Camille,CS 129.1 (4.6),3.60:1,6.9,4.3,8.5,63%,38
xiaolongbacc,Kha'Zix,CS 120.2 (4.9),3.34:1,7.6,4.0,5.9,52%,23
xiaolongbacc,Olaf,CS 127.2 (5.3),3.05:1,5.1,3.9,6.8,67%,21
xiaolongbacc,Lee Sin,CS 112.7 (5.2),3.81:1,6.4,3.7,7.8,70%,20
xiaolongbacc,Rek'Sai,CS 156.2 (5.9),3.01:1,6.7,5.2,8.8,77%,13
GenGLife,Tahm Kench,CS 44.4 (1.6),2.60:1,2.2,5.0,10.7,54%,319
GenGLife,Alistar,CS 31.8 (1.2),2.70:1,2.2,5.4,12.3,54%,253
GenGLife,Rakan,CS 13.5 (0.5),3.09:1,2.4,4.7,12.1,60%,151
GenGLife,Braum,CS 47.2 (1.7),3.50:1,1.4,4.2,13.2,56%,127
GenGLife,Taric,CS 44.6 (1.7),3.01:1,1.7,4.2,10.9,51%,103
GenGLife,Morgana,CS 16.7 (0.6),2.79:1,2.4,5.3,12.3,52%,99
GenGLife,Zac,CS 131.8 (4.9),3.78:1,3.7,3.9,10.9,57%,58
너희정말돼지야,Kai'Sa,CS 209.8 (8.6),2.66:1,6.8,4.7,5.6,59%,58
너희정말돼지야,Ezreal,CS 188.6 (7.8),2.99:1,5.2,4.0,6.8,63%,51
너희정말돼지야,Thresh,CS 14.6 (0.6),3.94:1,1.6,3.6,12.8,57%,44
너희정말돼지야,Tahm Kench,CS 51.9 (2.1),3.00:1,1.5,3.6,9.4,57%,37
너희정말돼지야,Leona,CS 44.0 (1.8),2.98:1,1.8,4.8,12.5,65%,34
너희정말돼지야,Jhin,CS 208.1 (8.3),2.98:1,4.0,3.7,7.1,61%,33
너희정말돼지야,Morgana,CS 19.0 (0.8),3.47:1,2.0,3.7,10.7,53%,30
SKTT1Le0,Varus,CS 245.3 (9.1),2.55:1,5.9,4.5,5.7,55%,192
SKTT1Le0,Ezreal,CS 222.7 (8.6),2.68:1,4.9,4.3,6.7,53%,147
SKTT1Le0,Caitlyn,CS 242.0 (9.1),2.49:1,5.2,4.5,6.0,58%,101
SKTT1Le0,Tristana,CS 203.6 (8.7),2.27:1,4.5,4.0,4.6,48%,54
SKTT1Le0,Xayah,CS 235.6 (8.9),2.36:1,5.0,4.8,6.3,45%,47
SKTT1Le0,Kog'Maw,CS 241.2 (8.8),2.56:1,6.0,4.8,6.2,47%,43
SKTT1Le0,Jhin,CS 222.6 (8.6),3.52:1,5.3,3.9,8.4,71%,34
Baby123,Camille,CS 149.4 (5.7),2.89:1,6.8,4.6,6.5,60%,65
Baby123,Kha'Zix,CS 145.9 (5.7),4.74:1,8.8,3.3,6.7,74%,47
Baby123,Xin Zhao,CS 139.6 (6.0),2.75:1,5.1,4.1,6.3,71%,35
Baby123,Olaf,CS 144.1 (6.0),3.96:1,5.7,3.1,6.6,62%,29
Baby123,Trundle,CS 142.2 (5.7),4.04:1,3.7,2.9,8.1,59%,29
Baby123,Sejuani,CS 135.5 (5.4),5.47:1,4.0,2.8,11.5,75%,24
Baby123,Nidalee,CS 149.2 (6.3),3.40:1,4.6,2.9,5.1,65%,20
사스갓지지,Talon,CS 192.3 (7.5),2.75:1,7.7,4.5,4.6,55%,503
사스갓지지,Malzahar,CS 202.6 (7.9),2.66:1,3.6,4.3,7.8,45%,76
사스갓지지,Janna,CS 16.1 (0.6),2.72:1,1.4,4.6,11.0,60%,45
사스갓지지,Jhin,CS 179.1 (7.4),3.44:1,4.0,3.3,7.5,56%,32
사스갓지지,Galio,CS 192.5 (7.5),2.67:1,3.4,3.5,5.8,54%,13
사스갓지지,Lee Sin,CS 131.6 (5.2),3.20:1,4.9,3.7,7.0,45%,11
사스갓지지,Jarvan IV,CS 136.0 (5.1),2.53:1,4.2,5.0,8.4,22%,9
MADKlNG,Ezreal,CS 245.1 (9.2),4.99:1,6.3,2.7,7.0,59%,37
MADKlNG,Vladimir,CS 239.7 (9.3),4.09:1,5.9,2.9,5.9,62%,26
MADKlNG,Vayne,CS 181.9 (8.5),2.24:1,3.1,3.2,4.0,54%,26
MADKlNG,Xayah,CS 261.3 (9.7),3.32:1,4.9,3.1,5.5,39%,23
MADKlNG,Kai'Sa,CS 234.8 (9.5),2.84:1,5.0,3.2,4.2,50%,18
MADKlNG,Swain,CS 211.5 (8.9),2.93:1,3.6,3.0,5.2,50%,18
MADKlNG,Ryze,CS 286.7 (10.3),4.79:1,5.9,2.4,5.5,69%,16
Deft12345678,Ezreal,CS 223.8 (8.9),3.66:1,5.9,3.6,7.2,65%,93
Deft12345678,Caitlyn,CS 256.2 (9.5),3.36:1,6.7,4.0,6.9,62%,84
Deft12345678,Xayah,CS 261.6 (9.8),4.18:1,7.2,3.6,7.8,74%,65
Deft12345678,Vayne,CS 230.7 (8.8),2.61:1,6.2,4.5,5.5,56%,34
Deft12345678,Kai'Sa,CS 230.1 (9.0),2.88:1,8.8,5.0,5.5,52%,33
Deft12345678,Varus,CS 233.8 (9.2),3.09:1,5.2,3.8,6.4,47%,30
Deft12345678,Kog'Maw,CS 270.0 (9.4),3.38:1,7.2,4.0,6.4,59%,29
baramgaebi,Singed,CS 197.5 (8.1),3.22:1,4.4,3.8,7.8,63%,83
baramgaebi,Irelia,CS 214.5 (8.4),2.03:1,5.1,4.9,4.8,55%,71
baramgaebi,Gangplank,CS 228.1 (8.2),2.59:1,4.6,4.4,6.7,71%,41
baramgaebi,Swain,CS 180.4 (7.6),2.30:1,4.4,4.0,4.9,47%,32
baramgaebi,Aurelion Sol,CS 198.0 (7.6),3.59:1,3.9,3.5,8.7,60%,25
baramgaebi,Jayce,CS 200.4 (7.7),2.07:1,4.1,5.1,6.4,62%,21
baramgaebi,Jax,CS 194.7 (7.4),2.34:1,5.2,4.5,5.2,55%,20
아이거또어우,Morgana,CS 17.0 (0.7),3.07:1,2.2,4.4,11.2,66%,70
아이거또어우,Alistar,CS 38.2 (1.6),2.82:1,2.4,4.8,11.1,58%,69
아이거또어우,Rakan,CS 13.6 (0.6),2.89:1,2.0,4.4,10.6,60%,55
아이거또어우,Tahm Kench,CS 46.5 (1.9),2.24:1,1.9,4.8,8.9,46%,39
아이거또어우,Karma,CS 46.8 (1.8),2.55:1,3.0,5.3,10.4,40%,25
아이거또어우,Soraka,CS 13.0 (0.6),3.20:1,1.1,3.5,10.2,57%,21
아이거또어우,Leona,CS 46.1 (1.9),3.07:1,1.9,4.7,12.4,60%,15
NeverbeCarryC,Darius,CS 182.1 (7.2),2.42:1,4.8,3.7,4.2,55%,1075
NeverbeCarryC,Nasus,CS 173.9 (6.9),1.78:1,3.4,4.1,3.9,49%,79
NeverbeCarryC,Swain,CS 158.8 (6.4),1.57:1,3.3,4.9,4.4,35%,34
NeverbeCarryC,Malphite,CS 159.6 (6.3),2.43:1,2.4,3.6,6.3,46%,26
NeverbeCarryC,Alistar,CS 58.0 (2.5),2.02:1,1.5,4.5,7.5,42%,24
NeverbeCarryC,Irelia,CS 168.9 (7.0),1.60:1,4.9,5.2,3.5,29%,17
NeverbeCarryC,Sion,CS 160.5 (6.8),2.13:1,1.7,3.3,5.3,44%,16
SeIect1,Ezreal,CS 217.9 (8.3),3.26:1,5.5,3.8,6.7,57%,118
SeIect1,Varus,CS 235.8 (9.0),2.91:1,5.6,3.8,5.5,57%,110
SeIect1,Morgana,CS 16.4 (0.7),3.47:1,2.4,4.1,11.6,54%,92
SeIect1,Kog'Maw,CS 231.4 (8.9),2.85:1,5.9,4.0,5.4,60%,84
SeIect1,Alistar,CS 37.8 (1.6),2.47:1,2.0,4.8,9.7,53%,66
SeIect1,Karma,CS 25.7 (1.0),2.87:1,2.7,4.2,9.3,53%,64
SeIect1,Caitlyn,CS 233.5 (8.8),2.41:1,5.0,4.4,5.5,44%,62
Seroum,Kha'Zix,CS 132.3 (5.0),4.03:1,8.2,3.6,6.1,68%,117
Seroum,Nidalee,CS 155.3 (5.9),4.01:1,6.8,3.5,7.1,52%,60
Seroum,Gnar,CS 179.4 (7.3),2.86:1,3.8,3.1,4.9,51%,53
Seroum,Camille,CS 122.5 (5.0),3.53:1,7.6,4.2,7.1,67%,48
Seroum,Sejuani,CS 132.2 (4.8),3.99:1,3.4,3.4,10.2,49%,43
Seroum,Jarvan IV,CS 122.1 (4.6),4.91:1,4.0,3.1,11.3,56%,34
Seroum,Olaf,CS 118.5 (4.8),3.59:1,5.1,3.8,8.4,57%,21
남동현,Rakan,CS 14.2 (0.6),3.48:1,2.0,4.3,12.9,61%,134
남동현,Alistar,CS 40.3 (1.5),2.83:1,1.5,4.6,11.5,53%,125
남동현,Tahm Kench,CS 49.0 (2.0),2.85:1,1.9,4.1,9.7,57%,94
남동현,Morgana,CS 18.3 (0.7),3.53:1,2.4,4.3,12.7,61%,87
남동현,Braum,CS 48.1 (1.8),2.68:1,1.3,4.7,11.1,36%,70
남동현,Taric,CS 57.1 (2.1),3.10:1,1.3,4.5,12.6,48%,40
남동현,Karma,CS 21.9 (0.9),2.39:1,2.0,5.5,11.0,54%,35
츠코파이,Camille,CS 143.2 (5.5),3.63:1,7.2,3.8,6.6,59%,46
츠코파이,Sejuani,CS 132.6 (5.1),6.07:1,4.8,2.7,11.8,68%,37
츠코파이,Kha'Zix,CS 152.1 (5.5),4.43:1,7.8,3.1,6.0,71%,31
츠코파이,Olaf,CS 147.2 (5.7),4.09:1,6.9,3.3,6.5,72%,25
츠코파이,Ezreal,CS 251.6 (8.3),3.96:1,7.3,3.7,7.3,53%,19
츠코파이,Xin Zhao,CS 131.9 (5.3),3.21:1,7.2,4.2,6.4,65%,17
츠코파이,Lee Sin,CS 134.3 (5.0),3.85:1,6.3,3.8,8.1,63%,16
IruguN,Gangplank,CS 223.5 (8.6),1.91:1,3.9,5.1,5.8,49%,69
IruguN,Camille,CS 205.2 (8.3),2.39:1,5.9,4.3,4.5,60%,63
IruguN,Fiora,CS 224.0 (8.7),1.82:1,5.3,4.9,3.6,56%,43
IruguN,Swain,CS 208.7 (8.5),2.10:1,4.2,4.6,5.5,60%,40
IruguN,Vladimir,CS 219.6 (8.9),1.91:1,4.8,4.6,3.9,58%,36
IruguN,Ryze,CS 246.3 (9.4),1.97:1,5.3,5.1,4.7,61%,33
IruguN,Irelia,CS 206.9 (8.8),2.26:1,6.8,4.9,4.2,52%,31
cyeol,Ryze,CS 232.8 (8.8),3.95:1,5.4,2.9,6.1,60%,223
cyeol,Azir,CS 233.4 (8.9),3.02:1,4.8,3.3,5.2,54%,128
cyeol,Taliyah,CS 223.1 (8.5),3.28:1,5.1,3.6,6.8,54%,72
cyeol,Cassiopeia,CS 231.4 (8.5),2.73:1,5.7,4.2,5.6,51%,61
cyeol,Varus,CS 233.3 (8.8),2.95:1,4.3,3.6,6.4,56%,50
cyeol,Camille,CS 175.1 (6.7),2.84:1,5.0,3.9,6.1,63%,49
cyeol,Corki,CS 254.2 (9.4),2.85:1,5.8,3.5,4.0,45%,44
MoonLight2,Zyra,CS 32.6 (1.3),2.75:1,3.3,4.3,8.4,70%,47
MoonLight2,Talon,CS 175.9 (7.9),1.97:1,5.4,4.5,3.5,50%,32
MoonLight2,Malzahar,CS 212.6 (8.3),2.50:1,3.7,4.7,8.1,64%,25
MoonLight2,Vladimir,CS 214.4 (7.8),2.08:1,4.9,5.9,7.4,50%,20
MoonLight2,Lulu,CS 154.9 (6.7),3.75:1,3.3,2.9,7.7,63%,19
MoonLight2,Sion,CS 183.7 (7.9),4.08:1,3.8,2.7,7.3,67%,18
MoonLight2,Ryze,CS 193.5 (8.9),1.77:1,4.3,4.6,3.7,39%,18
MVPIan,Zoe,CS 203.4 (8.1),3.46:1,7.4,4.2,7.1,64%,39
MVPIan,Ryze,CS 210.7 (8.9),2.71:1,4.7,3.8,5.6,53%,36
MVPIan,Swain,CS 213.6 (8.3),3.91:1,5.2,3.3,7.6,62%,34
MVPIan,Taliyah,CS 258.3 (8.8),2.98:1,5.5,4.4,7.6,37%,27
MVPIan,Galio,CS 212.3 (8.6),4.47:1,3.5,2.5,7.5,62%,26
MVPIan,Azir,CS 233.2 (8.7),2.65:1,3.9,3.9,6.4,63%,24
MVPIan,Irelia,CS 179.9 (8.1),2.80:1,6.5,3.9,4.4,65%,17
BtCSavage,Nidalee,CS 167.5 (6.6),3.57:1,6.8,3.8,6.7,66%,47
BtCSavage,Camille,CS 136.3 (5.3),3.02:1,5.0,4.4,8.3,63%,35
BtCSavage,Lee Sin,CS 135.8 (5.3),4.06:1,6.9,3.7,8.2,68%,31
BtCSavage,Rengar,CS 156.8 (5.9),2.60:1,7.2,4.7,4.9,59%,27
BtCSavage,Kha'Zix,CS 138.5 (5.2),3.57:1,8.1,4.1,6.5,58%,26
BtCSavage,Olaf,CS 143.5 (6.1),5.04:1,5.4,2.5,7.0,75%,20
BtCSavage,Rek'Sai,CS 169.0 (6.3),4.43:1,8.5,3.7,7.8,67%,12
SeeuAG,Lee Sin,CS 144.4 (5.2),3.64:1,7.5,4.3,8.1,58%,33
SeeuAG,Camille,CS 143.1 (5.5),2.61:1,6.4,5.2,7.1,54%,24
SeeuAG,Jax,CS 157.0 (6.1),3.27:1,6.9,3.9,5.9,68%,19
SeeuAG,Nocturne,CS 145.8 (6.0),3.28:1,7.7,4.1,5.7,68%,19
SeeuAG,Graves,CS 203.8 (6.8),3.20:1,8.1,4.9,7.8,58%,19
SeeuAG,Nidalee,CS 138.8 (6.0),4.10:1,7.1,3.5,7.1,65%,17
SeeuAG,Xin Zhao,CS 118.9 (5.2),3.03:1,5.2,4.0,6.9,73%,15
칼과창방패,Poppy,CS 149.4 (6.0),2.61:1,3.6,3.7,6.0,56%,572
칼과창방패,Ekko,CS 153.8 (6.2),2.18:1,5.3,4.6,4.8,50%,38
칼과창방패,Galio,CS 169.8 (6.7),2.63:1,3.4,4.1,7.4,48%,33
칼과창방패,Ornn,CS 147.9 (5.8),2.16:1,2.3,4.0,6.2,41%,27
칼과창방패,Jax,CS 139.6 (6.3),1.56:1,4.1,4.9,3.5,63%,16
칼과창방패,Renekton,CS 175.3 (6.9),1.76:1,3.9,4.7,4.5,33%,15
칼과창방패,Warwick,CS 146.6 (5.6),1.64:1,4.1,6.2,6.1,43%,14
이기자할수있다,Singed,CS 196.7 (7.7),3.28:1,3.0,3.5,8.5,66%,44
이기자할수있다,Gnar,CS 202.2 (7.7),2.82:1,4.6,3.6,5.5,60%,40
이기자할수있다,Alistar,CS 44.5 (1.7),2.66:1,1.6,5.0,11.7,56%,39
이기자할수있다,Rumble,CS 201.1 (7.8),3.26:1,4.3,3.4,6.8,67%,27
이기자할수있다,Sion,CS 210.0 (7.8),2.49:1,2.5,3.4,6.1,46%,26
이기자할수있다,Poppy,CS 145.1 (6.5),2.68:1,2.7,2.9,5.0,64%,25
이기자할수있다,Gangplank,CS 228.4 (8.6),3.20:1,3.3,3.4,7.6,63%,24
KDMRoach,Camille,CS 196.9 (7.7),2.85:1,4.8,3.7,5.8,51%,90
KDMRoach,Gangplank,CS 243.4 (8.9),3.53:1,3.5,3.3,8.0,69%,61
KDMRoach,Fiora,CS 209.9 (8.5),2.43:1,3.6,3.1,3.9,50%,28
KDMRoach,Vladimir,CS 239.3 (8.4),2.39:1,3.7,4.2,6.3,56%,16
KDMRoach,Singed,CS 198.0 (7.8),3.10:1,3.2,3.5,7.5,60%,15
KDMRoach,Sion,CS 204.0 (7.6),3.00:1,2.4,3.1,6.9,64%,14
KDMRoach,Gnar,CS 177.9 (8.1),2.03:1,2.8,2.9,3.0,50%,14
DWGPunch,Sejuani,CS 141.9 (5.1),4.68:1,3.7,2.9,9.9,61%,56
DWGPunch,Nidalee,CS 156.4 (5.9),3.87:1,6.5,3.6,7.5,54%,39
DWGPunch,Ezreal,CS 220.4 (8.4),4.91:1,5.3,2.5,7.1,76%,34
DWGPunch,Skarner,CS 132.5 (5.3),5.35:1,3.2,2.3,9.2,73%,26
DWGPunch,Kha'Zix,CS 140.3 (5.2),2.95:1,5.7,3.8,5.4,57%,21
DWGPunch,Olaf,CS 158.3 (6.0),5.37:1,6.3,3.0,9.6,55%,20
DWGPunch,Graves,CS 143.5 (5.9),2.64:1,4.9,4.2,6.1,44%,18
yizhiyuyy,Xin Zhao,CS 127.6 (5.7),2.66:1,6.9,5.3,7.1,66%,240
yizhiyuyy,Camille,CS 124.4 (5.4),2.49:1,8.3,6.0,6.8,61%,89
yizhiyuyy,Jax,CS 161.1 (6.9),1.94:1,5.8,5.4,4.8,50%,46
yizhiyuyy,Renekton,CS 180.7 (7.8),1.38:1,4.4,5.5,3.3,45%,31
yizhiyuyy,Master Yi,CS 160.4 (6.9),2.06:1,7.0,5.8,5.0,59%,22
yizhiyuyy,Ivern,CS 103.6 (4.3),2.59:1,2.0,4.5,9.6,50%,22
yizhiyuyy,Trundle,CS 111.1 (5.0),1.69:1,3.0,5.5,6.3,36%,14
출애굽기15장27절,Janna,CS 28.0 (1.1),3.85:1,1.6,3.4,11.4,53%,49
출애굽기15장27절,Zac,CS 121.9 (4.5),4.19:1,3.4,3.4,11.0,59%,29
출애굽기15장27절,Jarvan IV,CS 121.6 (4.5),3.36:1,3.7,4.4,11.2,48%,29
출애굽기15장27절,Shen,CS 91.3 (3.4),4.30:1,2.5,3.4,12.0,56%,27
출애굽기15장27절,Lee Sin,CS 122.9 (5.4),4.74:1,6.8,2.9,6.8,74%,23
출애굽기15장27절,Rek'Sai,CS 141.2 (5.5),3.90:1,4.8,3.4,8.3,65%,20
출애굽기15장27절,Taliyah,CS 208.5 (8.0),3.12:1,4.7,3.7,6.8,65%,20
DWGBeryL,Braum,CS 53.4 (2.0),4.13:1,1.2,3.1,11.5,51%,183
DWGBeryL,Alistar,CS 43.8 (1.7),2.83:1,2.0,4.4,10.4,45%,99
DWGBeryL,Rakan,CS 13.9 (0.5),3.54:1,1.4,3.3,10.4,54%,81
DWGBeryL,Tahm Kench,CS 58.4 (2.1),3.07:1,2.0,4.0,10.3,51%,69
DWGBeryL,Soraka,CS 14.6 (0.6),3.75:1,1.5,3.4,11.2,55%,55
DWGBeryL,Shen,CS 65.0 (2.5),3.87:1,2.7,3.6,11.4,64%,53
DWGBeryL,Ezreal,CS 230.1 (8.6),3.62:1,4.5,3.0,6.3,49%,49
Cyberbully,Camille,CS 127.9 (4.7),2.11:1,5.5,6.3,7.9,62%,50
Cyberbully,Kha'Zix,CS 125.0 (4.6),2.25:1,8.0,6.3,6.1,54%,41
Cyberbully,Olaf,CS 128.9 (4.9),2.51:1,5.0,5.6,9.1,65%,31
Cyberbully,Xin Zhao,CS 117.3 (4.5),2.03:1,6.3,6.9,7.8,62%,26
Cyberbully,Rengar,CS 139.1 (5.8),3.04:1,6.2,4.3,7.0,86%,21
Cyberbully,Nidalee,CS 139.1 (5.3),3.16:1,6.8,5.2,9.6,53%,17
Cyberbully,Skarner,CS 113.8 (4.9),2.67:1,2.8,4.4,8.9,63%,16
멘탈과실력을겸비,Gangplank,CS 208.3 (8.1),2.92:1,4.4,3.9,6.9,59%,61
멘탈과실력을겸비,Gnar,CS 194.2 (7.7),2.61:1,4.3,3.8,5.6,55%,33
멘탈과실력을겸비,Camille,CS 197.5 (7.3),3.12:1,6.4,4.0,5.9,64%,28
멘탈과실력을겸비,Fiora,CS 205.9 (8.4),2.30:1,4.9,4.0,4.3,80%,15
멘탈과실력을겸비,Sejuani,CS 111.7 (4.7),2.98:1,3.5,3.3,6.2,40%,15
멘탈과실력을겸비,Swain,CS 187.7 (7.9),3.34:1,5.7,3.4,5.5,93%,14
멘탈과실력을겸비,Jayce,CS 202.4 (7.8),2.10:1,5.4,5.2,5.5,40%,10
NBadL,Singed,CS 207.9 (8.5),2.90:1,5.2,4.0,6.4,65%,340
NBadL,Fizz,CS 141.7 (6.5),1.21:1,4.1,5.2,2.1,27%,15
NBadL,Malphite,CS 140.8 (5.4),1.97:1,3.3,4.6,5.9,50%,8
NBadL,Nautilus,CS 131.9 (5.3),1.44:1,1.9,5.6,6.1,43%,7
NBadL,Renekton,CS 187.0 (7.3),1.35:1,1.7,5.7,6.0,67%,3
NBadL,Teemo,CS 214.0 (7.0),0.63:1,1.0,8.0,4.0,50%,2
NBadL,Annie,CS 135.0 (6.3),2.80:1,2.0,2.5,5.0,50%,2
