name,ranking,tier,LP,level,win,lose,winratio
knight8,1, Challenger,1267,133,568,436,57%
¹ÙÀ§°Ô ³»²¨¾ß,2, Challenger,1208,41,97,38,72%
quaddd,3, Challenger,1237,71,332,221,60%
Pireannn,4, Challenger,1107,72,377,286,57%
Ä®°ú Ã¢ ¹æÆÐ,5, Challenger,1106,132,500,419,54%
MVP ADD,6,Challenger,1088,82,262,186,58%
MADKlNG,7,Challenger,1054,118,299,222,57%
DWG BeryL,8,Challenger,1046,153,748,664,53%
tjudlsawqz,9,Challenger,1040,79,387,290,57%
DontRemakeAatrox,10,Challenger,1037,114,318,240,57%
Hide on bush,11,Challenger,1000,139,630,557,53%
¾ÆÀÌ°Å¶Ç¾î¿ì,12,Challenger,998,68,307,237,56%
KZ Cuzz,13,Challenger,1010,101,462,385,55%
°Å´ëÇö,14,Challenger,969,57,270,180,60%
EEW SSUN,15,Challenger,948,84,338,254,57%
just be patient,16,Challenger,938,147,761,692,52%
·Ñ¿Àºê·¹Àüµå1234,17,Challenger,936,113,484,410,54%
·Ñ½ºÅÍ´ÜÇÕKT,18,Challenger,942,132,812,730,53%
Luka M0dric,19,Challenger,915,69,227,166,58%
´ÙÀÌ¾îµ©,20,Challenger,839,209,627,564,53%
Seroum,21,Challenger,850,99,325,256,56%
GimGoon,22,Challenger,849,69,287,223,56%
SKT T1 ThaI,23,Challenger,840,128,484,417,54%
wkfgkrhtlvdj,24,Challenger,839,129,568,506,53%
ÇÏ¾óºóÀÇÀöÃ¾ÀÌ¾ß,25,Challenger,836,66,289,193,60%
´ó Ã¼,26,Challenger,826,141,723,635,53%
ÇÐ½Ä¸ÔÀ»³ªÀÌ,27,Challenger,821,62,230,166,58%
DWG ShowMaker,28,Challenger,819,119,498,415,55%
KT Ucal,29,Challenger,818,85,409,343,54%
SKT T1 Bang,30,Challenger,818,98,311,250,55%
zzzzzzzzzzzz1,31,Challenger,814,98,478,419,53%
´©¿ì¿î»ç¶÷,32,Challenger,793,94,360,301,54%
Ã÷ÄÚÆÄÀÌ,33,Challenger,791,78,251,179,58%
DWG Nuguri,34,Challenger,787,76,258,201,56%
ZIBISUP,35,Challenger,784,88,350,276,56%
KZ Peanut,36,Challenger,782,125,490,425,54%
ÆÛ±×°³Á¹±Í,37,Challenger,782,83,327,260,56%
Buterfly,38,Challenger,778,90,417,351,54%
SKT T1 Le0,39,Challenger,765,120,525,466,53%
³­ Áú¼ö¾ø´Ù,40,Challenger,764,73,190,125,60%
Be proud of me,41,Challenger,740,119,476,412,54%
lazy son,42,Challenger,754,44,119,73,62%
Tarzan fan,43,Challenger,749,72,267,205,57%
Ä® Ã¢ ¹æÆÐ,44,Challenger,747,119,544,468,54%
jiang you ping ,45,Challenger,731,59,294,182,62%
À¸¶ó¾Æ¾ÆÂ÷Â÷,46,Challenger,730,101,610,553,52%
»Ç¿À»Ç¿À,47,Challenger,706,53,150,93,62%
¸í±¸¸®¹öµå,48,Challenger,725,119,446,392,53%
DDDasher,49,Challenger,720,109,379,319,54%
dubi ad ,50,Challenger,718,93,566,473,54%
³Ê¿Í³ªÀÇ¿¬°áGori,51,Challenger,708,116,301,238,56%
GabrielCRO,52,Challenger,707,139,712,624,53%
±¸¸¶À¯½Ã,53,Challenger,722,198,973,920,51%
Billys,54,Challenger,705,117,569,499,53%
baby hang,55,Challenger,704,123,608,542,53%
FW SwordArT,56,Challenger,703,119,464,404,53%
¼öÀÔ»Ñµå,57,Challenger,697,123,605,552,52%
¶§¸°°÷¶Ç¶§¸²,58,Challenger,697,108,375,307,55%
ÇÑ°Ü·¹¾î¸°ÀÌ,59,Challenger,697,75,335,281,54%
¹«¸­À» ¶Ç ²Ý¾ú³×,60,Challenger,696,140,904,863,51%
´Ü±ºÀÇÃ»ÃáºÎÀç,61,Challenger,691,98,327,272,55%
KT Kingen,62,Challenger,687,71,335,261,56%
La nuit tombe,63,Challenger,669,84,361,304,54%
½´·¼¸®¾ÆÀÇ»çÁ¤,64,Challenger,668,87,360,303,54%
daydayupup,65,Challenger,664,130,681,632,52%
Trud,66,Challenger,663,46,155,73,68%
love jiaobao,67,Challenger,659,129,835,743,53%
IruguN,68,Challenger,658,96,375,316,54%
´ÙÇ¥À½½ÄÀº³Ê¾ß,69,Challenger,656,187,1061,999,52%
lookatmy,70,Challenger,614,63,183,121,60%
aoligei,71,Challenger,649,124,544,490,53%
Martyrs,72,Challenger,665,70,422,350,55%
yiwancibeishang,73,Challenger,662,193,886,832,52%
SD°Ç´ãÄ¸½¶ÆÄÀÌ,74,Challenger,624,89,208,157,57%
¼ºº¸°í ±ÇÈñ¿ø,75,Challenger,640,163,884,830,52%
³ª´Â°¡ÇØÀÚ´Ù,76,Challenger,632,80,324,264,55%
±Í¿©¿î¾ÈÁö¿µ,77,Challenger,629,67,233,181,56%
oy oy oy,78,Challenger,628,150,899,850,51%
See u AG,79,Challenger,645,69,219,151,59%
µ¹ÀÜÄ¡¶§µµ¶õÀâÀ½,80,Challenger,621,190,929,874,52%
Morgan5358,81,Challenger,612,111,608,547,53%
Levellup,82,Challenger,608,102,399,341,54%
±¸¸°³»°¡½ÉÇÏ±¸³ª,83,Challenger,569,163,993,900,52%
jungsanghyun1,84,Challenger,602,132,548,492,53%
jin can yi,85,Challenger,602,99,427,377,53%
Nu99et,86,Challenger,599,111,481,426,53%
 hf ghkyu,87,Challenger,578,77,322,250,56%
¾Æ¶ó°¡Å° À¯ÀÌ,88,Challenger,597,80,257,203,56%
KT DEFT,89,Challenger,597,57,180,120,60%
´ã¿ø ¼î¸ÞÀÌÄ¿,90,Challenger,595,91,335,273,55%
ÀÌµµ·ù,91,Challenger,594,117,424,376,53%
Jin Air SoHwan,92,Challenger,590,181,880,817,52%
KZ Khan,93,Challenger,586,115,430,382,53%
aceerfa,94,Challenger,585,89,350,298,54%
bbq Ccrazy,95,Challenger,583,102,366,311,54%
¶§¸°´ë¶Ç¶§¸²,96,Challenger,581,75,308,251,55%
KDM LuBu,97,Challenger,580,130,424,370,53%
Å°³×Ä«,98,Challenger,579,66,134,48,74%
Ç×»ó ÀßÇØÁÙ°Ô,99,Challenger,575,111,485,423,53%
ÇÃ¸®¸®,100,Challenger,578,89,345,283,55%
ÀßÇÒ¼öÀÖ¾îÈû³»ÀÚ,101,Challenger,578,69,274,202,58%
¸¶»ê°¡ÀÚ,102,Challenger,572,127,531,487,52%
»ç ¿ë ¼ö,103,Challenger,569,151,781,726,52%
The Encounter,104,Challenger,569,122,665,604,52%
1ynaux9,105,Challenger,569,105,490,427,53%
½É½ÉÇ®ÀÌ ³²½Å,106,Challenger,567,148,660,600,52%
NekoL,107,Challenger,563,114,452,377,55%
Lehends,108,Challenger,563,98,442,368,55%
KZ GorillA,109,Challenger,554,110,371,330,53%
Mark Time,110,Challenger,556,71,267,184,59%
Gen G Ruler,111,Challenger,553,141,611,544,53%
2µ¥½º¹Ì¸¸,112,Challenger,551,58,179,121,60%
Apk TolanD,113,Challenger,585,111,634,538,54%
liillili,114,Challenger,565,133,723,669,52%
FW MMD1,115,Challenger,546,68,266,213,56%
¾ÆÀÌ·¯´Ï,116,Challenger,545,84,292,240,55%
wyt0111,117,Challenger,544,95,413,360,53%
4seidon,118,Challenger,543,85,420,347,55%
ÅÆ ÅÆ ÅÆ ÅÆ ÅÆ,119,Challenger,542,108,519,463,53%
Jin Air Nova,120,Challenger,542,90,234,176,57%
³ëÆ¿Á¦¹ß¹öÇÁÁ»,121,Challenger,540,83,228,151,60%
16»ì ¿øµô·¯,122,Challenger,536,138,767,685,53%
Wmir,123,Challenger,536,74,287,218,57%
Curious PoP,124,Challenger,507,103,309,252,55%
Â«»ÍÂ¥ÀåÅÁ¼öÀ°,125,Challenger,534,60,251,178,59%
APK Cover,126,Challenger,531,69,254,171,60%
ÄªÂùÀºÇ×»óÂ¥¸´ÇØ,127,Challenger,552,123,586,519,53%
Shtu mid,128,Challenger,527,114,734,640,53%
³²µ¿Çö,129,Challenger,524,139,759,708,52%
¼öºÐ¹Ì³×¶ö,130,Challenger,523,78,363,300,55%
real gankster,131,Challenger,518,116,632,586,52%
Empty9,132,Challenger,517,140,526,483,52%
HLE Kuzan,133,Challenger,517,113,506,454,53%
¸àÅ»ÀâÀÚÀ¸›XÀ¸›X,134,Challenger,517,121,503,454,53%
±Ö¼öÈ£ÀÚ ¸¸±â,135,Challenger,517,74,218,166,57%
KT Mia,136,Challenger,516,111,647,562,54%
´ºÆ® ÁÖ´Ï¾î,137,Challenger,514,88,291,232,56%
¹Â¹Ç¸®Åõ½´,138,Challenger,513,127,755,699,52%
18501159717,139,Challenger,483,63,233,175,57%
handcIap,140,Challenger,508,74,324,276,54%
Ä«Æäº£³×¼³ÅÁµµµÏ,141,Challenger,508,92,275,224,55%
thgink9,142,Challenger,507,80,483,331,59%
DragonSky,143,Challenger,506,144,625,578,52%
À¯³ëÀ¯Å°,144,Challenger,506,63,266,184,59%
WNS NiGHT,145,Challenger,506,99,208,141,60%
»êÀ°»ìÀ°,146,Challenger,522,165,926,889,51%
BeterThanNothing,147,Challenger,505,103,457,419,52%
Å·Á¸ ¹°¸¸µÎ,148,Challenger,502,71,304,266,53%
¸Ô´Â°ÔÁñ°Å¿ö,149,Challenger,501,125,517,464,53%
lJlJlJlJ,150,Challenger,501,134,602,545,52%
ºÎÈ¸Àå¿Ö±×·²±î,151,Challenger,500,72,259,200,56%
°ËÀº¸Ó¸®»ç³ªÀÌ,152,Challenger,499,76,315,260,55%
¿ÂÀÚÀÌÁ·,153,Challenger,481,128,762,711,52%
Xx fans,154,Challenger,493,88,301,259,54%
JAG UmTi,155,Challenger,491,101,371,313,54%
S2vely,156,Challenger,491,93,231,171,57%
KT MATA,157,Challenger,491,58,104,61,63%
Born to dead,158,Challenger,490,88,452,382,54%
¼¯°í¼¯°íµ¹¸®²¿,159,Challenger,489,81,368,312,54%
Ä³¸®¿è,160,Challenger,431,68,267,213,56%
BtC OnFleek,161,Challenger,466,45,129,61,68%
¾ç¾ç¾Æ±â,162,Challenger,482,70,315,230,58%
¹Ì°ï°³ ³ª°¥²¿³Ä,163,Challenger,481,106,493,440,53%
First start,164,Challenger,481,100,190,137,58%
ÇÏ´ÃºÎÅÍ ¶¥±îÁö,165,Challenger,497,49,160,88,65%
¸¶À½ÀÌ¾ÆÇÂ °í·¡,166,Challenger,480,153,672,623,52%
Liu xiao you,167,Challenger,480,69,350,261,57%
¿±ºÏÀÌ,168,Challenger,477,93,410,354,54%
Ivileye,169,Challenger,475,120,589,524,53%
CheonGo,170,Challenger,475,63,307,202,60%
ÇÁÁ¦Â¯,171,Challenger,472,114,466,417,53%
À²Ãµ°í ÃÖÇö¿ì,172,Challenger,469,155,465,418,53%
Juan OVO,173,Challenger,468,72,247,191,56%
FW Maple,174,Challenger,468,88,201,154,57%
lwandy,175,Challenger,461,196,1072,1009,52%
whckiop,176,Challenger,460,79,315,271,54%
TOP Ggoong,177,Challenger,452,108,502,455,52%
¿äÇÃ·¡,178,Challenger,448,84,369,331,53%
³ª¿¡°Ô ±âÈ¸¸¦,179,Challenger,447,121,492,436,53%
htebaziIE,180,Challenger,447,97,419,375,53%
Destiny,181,Challenger,446,96,367,318,54%
TT º¸¹è,182,Challenger,445,133,781,736,51%
Hichael Dackson,183,Challenger,444,94,372,334,53%
Huya CaiqiKate,184,Challenger,442,119,634,581,52%
WithApd,185,Challenger,442,82,238,116,67%
Lakhesis,186,Challenger,440,83,413,363,53%
douyu1097151,187,Challenger,457,122,744,700,52%
Hellohowareyou,188,Challenger,436,65,180,127,59%
¸ù ¸ù,189,Challenger,432,62,206,144,59%
¿À¶Ñ±â3ºÐ¹ÌÆ®º¼,190,Challenger,432,68,197,147,57%
¼¾¼¾S2,191,Challenger,430,112,368,322,53%
Foy,192,Challenger,418,146,781,706,53%
  irmaking,193,Challenger,426,71,340,261,57%
À±¼Ò¿Ï,194,Challenger,425,124,738,692,52%
Shi  Yue,195,Challenger,406,85,241,185,57%
KZ Rascal,196,Challenger,414,172,961,897,52%
Gen G CoreJJ,197,Challenger,416,132,611,518,54%
imcutedontcome,198,Challenger,415,108,583,525,53%
Steel9,199,Challenger,348,138,887,842,51%
³²Æ÷µ¿Æ÷µ¿Æ÷µ¿,200,Challenger,347,97,295,248,54%
½Ã¸¶½Ã¸¶ ÇÏ³ªÄÚ,201,Master,454,93,252,207,55%
Gen G cuvee,202,Master,441,138,687,643,52%
¹«°Ô¸¦ °ßµ®¶ó,203,Master,433,131,514,460,53%
jg thx plz,204,Master,462,61,285,244,54%
loc1234567,205,Master,422,73,338,304,53%
Àý´ëÂ¥Áõ³»Áö¾Ê±â,206,Master,421,118,624,572,52%
baby Tangyuan,207,Master,421,88,560,497,53%
WE 77,208,Master,420,83,465,354,57%
Goldguns ÇÏ,209,Master,420,69,356,252,59%
MAD¾ÆÀÎ½´Å¸ÀÎ,210,Master,417,133,843,805,51%
taesang,211,Master,415,193,1050,1004,51%
Equality 7 2521,212,Master,414,52,171,108,61%
veryverycold,213,Master,447,71,275,229,55%
cyeol,214,Master,411,165,592,550,52%
³Ê ¾øÀÌµµ ,215,Master,425,131,639,603,51%
ÇýÁö±â¿©¿ö,216,Master,407,79,314,264,54%
¸íjhinÀÌ,217,Master,406,175,919,872,51%
ÀÌ Â÷°¡ ½Ä±âÀü¿¡,218,Master,403,111,471,423,53%
¿ì¸£ÇÁrider,219,Master,437,213,1431,1390,51%
¿¬·á º¸±Þ,220,Master,402,133,870,818,52%
mei you da long,221,Master,401,85,359,315,53%
2188,222,Master,399,132,698,652,52%
Tank XD,223,Master,418,110,559,518,52%
Ask ¼¶Áý¾Æ±â°õ,224,Master,395,96,229,179,56%
Rainbow22,225,Master,393,105,418,372,53%
LPL Cuvee,226,Master,393,110,409,358,53%
Ä¿ÇÇ¹°Á¶ÀýÀåÀÎ,227,Master,392,177,828,788,51%
Afreeca Spirit,228,Master,359,111,356,317,53%
Gen G Life,229,Master,374,229,1126,1032,52%
NoYuiNoBABYMETAL,230,Master,385,88,436,390,53%
I can win win,231,Master,396,75,428,344,55%
¹«¼­¿î ¹ì µ¶,232,Master,381,70,145,107,58%
Á¤»óÀûÀÎ ½ÉÀå,233,Master,379,146,663,620,52%
Mupago,234,Master,379,95,514,436,54%
asdojaiosjdo,235,Master,378,183,839,797,51%
Tarzan2,236,Master,378,130,626,556,53%
Deft12345678,237,Master,376,85,406,346,54%
»× Çü,238,Master,374,154,792,731,52%
6ÇÐ³â4¹ÝÀå¿ëÁØ,239,Master,374,105,374,341,52%
Independenceday1,240,Master,371,212,1232,1188,51%
¹ÌµåÇÁ·ÎÁö¸ÁÀÎ,241,Master,386,63,273,192,59%
È¥ÀÚ³î±âÀü¹®,242,Master,369,83,211,166,56%
Shibuya Haruka,243,Master,365,122,750,696,52%
BtC joker,244,Master,365,148,531,490,52%
°£ Ã÷,245,Master,362,107,208,152,58%
ulRD1,246,Master,360,184,1022,970,51%
APK Bonnie,247,Master,361,163,616,575,52%
´«¶°º¸´Ï³ë¶¥,248,Master,390,60,151,88,63%
California Life ,249,Master,335,124,495,451,52%
ke ai qi,250,Master,354,46,140,74,65%
´Ù°ÅÁþ¸»,251,Master,349,137,724,663,52%
ÀÇ ÁÖ,252,Master,345,152,511,467,52%
¼¼ºìÆ¾ ÇÏÀÌµò,253,Master,347,83,195,155,56%
jebgwjdrmfddlTDj,254,Master,330,134,720,673,52%
ÂÌ±êÇÑ ¿ìµ¿»ç¸®,255,Master,345,122,605,567,52%
IRespectEveryone,256,Master,345,68,271,238,53%
DWG Nuclear,257,Master,345,60,171,120,59%
always confident,258,Master,383,64,256,182,58%
AMANI,259,Master,343,136,765,719,52%
º½¿¡´ÂÂÞ²Ù¹Ì,260,Master,307,141,593,549,52%
¼¼¸Þ·Ð,261,Master,343,84,406,327,55%
KZ Squid,262,Master,343,111,363,253,59%
ÃáºÀ¹Ú,263,Master,337,60,209,172,55%
Åä¸£ ÆÒ´õ,264,Master,341,100,538,472,53%
Jin Alr Teddy,265,Master,339,75,288,255,53%
GIorie,266,Master,338,95,243,198,55%
WantgoLPLorLCK,267,Master,252,106,607,549,53%
CrazzyCat,268,Master,335,90,401,333,55%
¿¹¸®»ì·½,269,Master,333,68,215,155,58%
½ºÄÚÄ¡¾Ï¼¼Æ÷,270,Master,331,69,327,231,59%
qjy    QAQ,271,Master,328,110,454,414,52%
cherry cherry,272,Master,327,74,466,338,58%
³ªÄ«³ë ¿äÃ÷Ba,273,Master,326,140,745,699,52%
Gen G ¸ù,274,Master,326,130,588,531,53%
made me believer,275,Master,304,82,251,206,55%
HanGuo Xiao Daye,276,Master,324,86,284,237,55%
CuteBoy17,277,Master,323,104,650,586,53%
KabigonÆ÷ÄÏ¸ó,278,Master,321,100,543,506,52%
Æ÷¾²ÄÁµå,279,Master,321,104,333,274,55%
»ç¶÷ÇÑ»ç¶÷,280,Master,310,124,522,482,52%
BurgerDragon,281,Master,319,106,505,462,52%
No more disturb,282,Master,333,142,608,558,52%
GGamza,283,Master,316,123,579,531,52%
KDM Edge,284,Master,315,134,572,531,52%
TF Brave,285,Master,315,41,109,35,76%
³·¹ã¹Ù²Ù°í½Í¾î,286,Master,314,45,134,68,66%
PutongdeADC,287,Master,311,96,427,389,52%
³ªµµ¿µÈ¥¿¡±Ã½è¾î,288,Master,308,66,261,210,55%
Maguafu,289,Master,308,55,203,113,64%
±ÇÈñ¿ø,290,Master,306,74,301,244,55%
ShiaC,291,Master,304,175,1197,1157,51%
qi   baby,292,Master,304,68,221,140,61%
MeteorOvO,293,Master,303,122,544,499,52%
JJUN12,294,Master,303,90,205,166,55%
ÅÂÇ³EYE,295,Master,302,124,590,542,52%
Áø¿¡¾î Ä«Ä«¿À,296,Master,278,110,527,497,51%
Cabelo,297,Master,298,141,854,807,51%
Twitch Murthhlol,298,Master,298,104,547,478,53%
ÇãÂîÅ³,299,Master,297,114,394,347,53%
Sol·Î·©Å©,300,Master,297,80,207,149,58%
zhonggu0 niu bi ,301,Master,296,165,755,723,51%
»ì±â½Ã·¯¿ä,302,Master,295,108,470,406,54%
SKT T1 Blossom,303,Master,278,101,372,329,53%
JAG Grace,304,Master,294,125,512,476,52%
RWFL,305,Master,294,121,477,449,52%
BtC SoaR,306,Master,294,127,465,419,53%
HLE Lindarang,307,Master,294,103,392,353,53%
¹«Áú·®,308,Master,210,193,366,329,53%
¹«ÀÚºñÇÑ Èû,309,Master,294,63,234,190,55%
»õ¾î¾Ç,310,Master,293,185,1019,984,51%
Nabi,311,Master,293,135,426,386,52%
µÅÁöµÅÁö¸Ó¸®,312,Master,292,138,668,638,51%
wo yao qu daye,313,Master,311,78,230,189,55%
aerosmith v,314,Master,290,153,713,656,52%
¹¹¶ó°í¹ø¿ªÇÏÁö,315,Master,289,108,427,393,52%
BLG Road,316,Master,308,100,374,341,52%
R1kka,317,Master,288,85,350,304,54%
ililiiiillliil,318,Master,287,91,455,392,54%
Frida Kahlo,319,Master,286,65,245,198,55%
nekoneko1,320,Master,285,142,611,583,51%
³ë·ÂÁßÀÎ·¹ºíÀÌ,321,Master,285,142,496,459,52%
¼ö ³Õ,322,Master,285,50,179,114,61%
aetcal,323,Master,283,108,651,604,52%
Luubaby,324,Master,280,147,751,712,51%
GakkiQQ,325,Master,276,75,336,292,54%
zIp gj,326,Master,277,112,504,455,53%
¿ìÀ¯ÆÏºù¼ö,327,Master,274,72,343,301,53%
ÀÌ¶ó¿Â»ç»ýÆÒ,328,Master,270,147,438,397,52%
´óÃ»ÀÕ,329,Master,269,153,928,875,51%
xiaolongbacc,330,Master,267,58,255,118,68%
AFR ArT,331,Master,266,136,565,533,51%
BtC Do LaoN,332,Master,265,110,397,362,52%
°ÔÀÓÀç¹Õ°ÔÇÏ½Ã³×,333,Master,263,147,639,595,52%
Und2rDog,334,Master,239,69,311,279,53%
Çì ¸£,335,Master,260,119,242,199,55%
YSGYGGS,336,Master,333,95,469,420,53%
¾ûµ¢±¹ °»½ÂÁ¦·Î,337,Master,257,82,282,230,55%
TenShi,338,Master,256,94,330,280,54%
»ç¶ûÇØ ³ªÀÇ ¶óÄ­,339,Master,270,65,227,147,61%
Upgrade ÇÒ°Å¾ß,340,Master,254,51,162,95,63%
Strive boy,341,Master,288,131,763,724,51%
ÇãÂî°»,342,Master,253,120,416,381,52%
Ä®³¯ºÎ¸®ÀÇ ¹Ý°Ý,343,Master,307,143,399,350,53%
°¨±Ö¸ÔÀ»³ªÀÌ,344,Master,253,65,107,66,62%
GALA1,345,Master,254,155,877,828,51%
MVP Ian,346,Master,251,99,322,275,54%
Cai Xu Kun1,347,Master,250,72,396,279,59%
Gaopei,348,Master,213,98,337,289,54%
¹è¿ìÀåµ¿À±,349,Master,245,212,739,708,51%
nef9,350,Master,245,150,678,635,52%
À¯³»Çö,351,Master,280,117,295,252,54%
Baby99,352,Master,216,75,298,233,56%
ÇÏ·ç ±×¸²ÀÚ,353,Master,243,129,595,563,51%
Aopida,354,Master,243,81,328,283,54%
ÇØ¿î´ë ºÒ°õ,355,Master,242,158,673,632,52%
Ioners,356,Master,241,103,382,327,54%
DoRun,357,Master,223,84,371,327,53%
Like Top,358,Master,205,97,320,271,54%
GCA Done,359,Master,235,69,325,263,55%
Deifinu,360,Master,234,98,323,293,52%
Á¹¸°°¡º»µ¥,361,Master,234,67,184,126,59%
ÁÁÀº³¯,362,Master,232,83,184,151,55%
gym,363,Master,232,75,152,109,58%
Cord 8,364,Master,231,123,714,655,52%
¹«¼­¿î¿ø¼þÀÌ,365,Master,231,64,254,225,53%
Pz ZZang,366,Master,231,83,223,184,55%
Gipsy Danger,367,Master,288,205,1213,1165,51%
½º¸Êµû¸Ô°í½Í´Ù,368,Master,229,45,136,66,67%
bully bully,369,Master,229,119,473,433,52%
ÃÊÃÊÃÊÃÊÃÊÃÊ,370,Master,229,99,324,295,52%
ÅÂÀ»Ãµ »ó¿ø±º,371,Master,229,57,182,99,65%
MVP MaHa,372,Master,227,85,415,351,54%
±×°Ç ¾Æ´Ñ°Å °°¾î,373,Master,227,80,303,268,53%
Paddle Star,374,Master,199,143,826,752,52%
Cyberbully,375,Master,207,67,233,190,55%
Do RaoN,376,Master,260,40,102,42,71%
±Ý¶Ë¿Î¿Î,377,Master,241,163,736,705,51%
Kiiroitor1,378,Master,222,105,478,437,52%
Harley QuiNing,379,Master,222,142,423,407,51%
oudiofei,380,Master,212,125,589,561,51%
±è±¹¾î,381,Master,221,117,399,363,52%
Á¤½Åº´ ÀÖÀ½ ÁÖÀÇ,382,Master,220,103,282,234,55%
NBadL,383,Master,220,62,261,160,62%
¿Â½Ç¼ÓÀÇ°¨ÀÚ,384,Master,218,95,284,242,54%
³ªÃ÷Ä«¸°,385,Master,216,96,504,467,52%
love zxc,386,Master,175,107,519,495,51%
DaYE,387,Master,200,91,264,227,54%
Excuse,388,Master,214,153,286,251,53%
½Ã¿Àµµ¸Þ ¹Ì¿ì³ª,389,Master,214,128,185,142,57%
20001019z,390,Master,214,44,134,77,64%
l3est16,391,Master,213,115,444,410,52%
¾ÆÄí¾Æ¶û²²,392,Master,213,39,96,31,76%
nait9,393,Master,212,80,257,225,53%
Ç×»ó ¿­½ÉÈ÷,394,Master,211,51,170,104,62%
LLeave,395,Master,210,91,306,274,53%
Victorique,396,Master,208,142,653,619,51%
Wudan3lu,397,Master,207,184,906,870,51%
sibasaki roka,398,Master,207,189,711,675,51%
È£ÀÕÀÌ,399,Master,207,142,659,580,53%
zhixun,400,Master,207,71,266,219,55%
RNG Vector,401,Master,207,57,201,146,58%
SKT T1 Pirean,402,Master,206,157,837,799,51%
Patrik Lindberg,403,Master,206,88,320,255,56%
°ø±ÙÀÍ¹«¿ä¿ø,404,Master,206,90,117,72,62%
swi3e,405,Master,205,73,353,304,54%
cai b,406,Master,223,143,668,639,51%
L1sure,407,Master,203,64,166,132,56%
I Do han,408,Master,202,162,872,845,51%
Çì µ·,409,Master,202,129,573,528,52%
ÇÔ²² È­ÀÌÆÃ,410,Master,202,110,504,447,53%
ÆÛ½ÃÇÈ ½ºÅÄ´Ùµå,411,Master,202,53,197,124,61%
MlSAENG,412,Master,200,40,102,44,70%
Àç´ÉÀÌ¾ø´Ù,413,Master,179,115,526,491,52%
gunwu,414,Master,195,119,586,548,52%
CloserCloser,415,Master,195,134,470,438,52%
°øºÎÀßÇÏ°í½Í´Ù¾Æ,416,Master,195,108,390,344,53%
shouwa1,417,Master,194,155,753,732,51%
ÇÒ¾Æºê°¡ÁÖÀÎ°ø,418,Master,243,141,636,587,52%
peray,419,Master,193,97,241,199,55%
ÂùÀÌ¼÷ÀÌ,420,Master,194,73,376,325,54%
¹Ùº¸2,421,Master,192,120,345,311,53%
¸ÅÀÏ Á¹·Á¿ä,422,Master,192,107,243,196,55%
pvman,423,Master,187,71,324,272,54%
È² ½ÃÇÑ,424,Master,191,65,289,258,53%
ExiA Stail,425,Master,188,68,121,71,63%
Im really sorry,426,Master,188,124,584,551,51%
yulihong22,427,Master,185,139,655,629,51%
KKKuma,428,Master,189,148,864,816,51%
you cant gank me,429,Master,220,129,750,690,52%
HLE Sy,430,Master,179,98,380,347,52%
»ó±æ ³îÀÌ¸¦ÇÏ´Ù,431,Master,177,66,320,208,61%
ÀåÁÖ ³ë¿¹,432,Master,175,52,161,93,63%
ºùµ¹¾ÆÆ¨°Ü¼­,433,Master,176,68,226,174,57%
ÃÊº¸Çõ¸í,434,Master,174,63,172,125,58%
NO ºê·¡ÀÎ,435,Master,174,46,118,66,64%
BlackGat,436,Master,151,113,313,235,57%
1987 Plls,437,Master,157,107,323,284,53%
nv shen,438,Master,169,71,264,175,60%
³ë¶õ ¹°°í±âÀÎÇü,439,Master,169,72,201,129,61%
17»ì Á¤±Û,440,Master,166,145,689,650,51%
God Jun z,441,Master,166,115,451,407,53%
ÇÇÀÚ ÆÄ½ºÅ¸´Â,442,Master,166,95,447,405,52%
LPL noob ad QAQ,443,Master,165,144,617,593,51%
ÀÎ¼º¾²·¹±â±è±Ù¼º,444,Master,201,107,597,555,52%
ÇÁ°£·ÎÀý,445,Master,165,100,323,281,53%
Autumnch,446,Master,164,165,907,880,51%
Jin Air Justice,447,Master,183,157,699,675,51%
ÁöÁ¸Çù°î¸ó½ºÅÍ,448,Master,163,113,399,365,52%
Luka M0drlc,449,Master,118,156,910,890,51%
¾çÀÚ¸® ¼Ò³â,450,Master,142,131,417,386,52%
ÅÚÆ÷´Ü°Ëµµ,451,Master,159,49,144,72,67%
ÀÚÆ÷ÀÚ±âÇÏ´Ù,452,Master,158,109,475,430,52%
ESS Troy,453,Master,158,93,228,184,55%
Á×ÀÌ´Ù,454,Master,157,95,291,250,54%
¸ðÆ¼ºê¶§¸®°í½Í´Ù,455,Master,157,35,49,27,64%
Á¤Ä¡Áú±ØÇøÇÔ,456,Master,156,73,224,181,55%
³ª´ÂÃæ½ÇÇÑ¸Û¸ÛÀÌ,457,Master,156,59,157,119,57%
mingjing,458,Master,155,70,265,223,54%
°­ºí¸°,459,Master,173,176,892,851,51%
°Ý¼¼Áö°¨,460,Master,154,148,614,574,52%
³Ê´Â³¯±î¾ßÁö±»ÀÌ,461,Master,151,122,419,389,52%
xiaoshenkejiushu,462,Master,184,127,483,446,52%
Sunday Monday,463,Master,150,54,166,90,65%
StandAchance,464,Master,149,124,546,506,52%
º¯Ãá¼ö,465,Master,104,91,270,236,53%
Mango Dog,466,Master,147,197,1053,1023,51%
miss i i,467,Master,147,127,542,514,51%
Oshino Sh1nobu,468,Master,187,45,112,50,69%
marcozyx,469,Master,146,182,1000,974,51%
liangjintu,470,Master,146,81,396,356,53%
bot only die,471,Master,139,159,897,868,51%
ÀÌ¾ß°ø,472,Master,145,108,219,187,54%
Meeoow,473,Master,145,46,120,62,66%
±Í¿©¿î ÅÂ¿ì,474,Master,144,106,693,611,53%
PAKA fans,475,Master,144,128,618,582,52%
Gen G Ambition,476,Master,143,153,829,799,51%
zaodianxiaban,477,Master,143,111,596,565,51%
Afreeca GankZero,478,Master,143,67,272,226,55%
ÁöÀúµ¿¼ö´Þ,479,Master,148,47,170,101,63%
zhongdan jayce,480,Master,142,110,280,235,54%
mulda mulda,481,Master,157,87,252,207,55%
kiana,482,Master,141,128,643,603,52%
TS hencool,483,Master,101,52,225,81,74%
KDM X,484,Master,140,68,167,136,55%
zlp gj,485,Master,177,110,683,624,52%
³¢ºÎ´Ï³Ñ¸ðÁ¶¾Æ¿¬,486,Master,139,105,342,314,52%
¾Æ¸§´Ù¿î»êÃ»,487,Master,138,91,409,373,52%
Mni,488,Master,137,153,782,744,51%
korean JuG,489,Master,136,146,682,641,52%
gxlmgnr,490,Master,136,84,416,347,55%
La Lune tear,491,Master,136,58,217,102,68%
HLE Mightybear,492,Master,135,110,627,559,53%
FLOR NG PINAS,493,Master,135,67,282,196,59%
Argento sicurO,494,Master,135,71,280,237,54%
shirushi,495,Master,134,98,528,485,52%
douyu5294941,496,Master,134,45,139,80,63%
BeYourse1f,497,Master,133,114,456,418,52%
yemengxiyue,498,Master,132,52,174,98,64%
Kuri fans,499,Master,131,143,603,582,51%
»ÇÇã´Ï,500,Master,131,81,280,235,54%
liilliliii,501,Master,113,120,670,621,52%
ÇØ»ê¹°shangdan,502,Master,130,120,425,395,52%
´ö ±¸,503,Master,91,109,70,25,74%
¸¶¸¶µ·¿ö¸®,504,Master,129,75,332,289,53%
Á¸³ªÀßÇÔ,505,Master,129,38,95,33,74%
Pookyouo,506,Master,107,136,693,653,51%
Ä³ ÀÎ,507,Master,127,129,563,517,52%
Lonely Jug,508,Master,125,80,475,366,56%
xi ba a,509,Master,126,78,401,308,57%
Route,510,Master,107,95,396,361,52%
fighttttt,511,Master,124,146,750,718,51%
·Ñ¸¶¿ì½º,512,Master,88,73,269,229,54%
71ÀÇ±âÀû,513,Master,125,67,255,204,56%
1427538696835724,514,Master,123,52,167,134,55%
¹ÎÀÌ´Â,515,Master,130,197,800,753,52%
¾ÆÅ×³ªÂô,516,Master,102,111,511,479,52%
ÇìÀÌ½ºÆ®TV,517,Master,121,156,640,597,52%
Baim,518,Master,121,86,536,438,55%
10¿ÀÁö´Â¿øµô,519,Master,121,72,308,236,57%
¿ÜÃÄÁÖÀ¯¼Ò°«¶óÄ«,520,Master,121,128,264,231,53%
Kur1ko,521,Master,120,168,839,810,51%
¹è±×ÇÁ·ÎÁö¸Á,522,Master,153,149,841,794,51%
KKKuri,523,Master,120,156,834,799,51%
WWWMWMWMMWM,524,Master,120,147,721,694,51%
Cryin Fans,525,Master,119,93,401,371,52%
ÅÂ¾î³­±è¿¡»ç´Â¾Ö,526,Master,119,93,269,231,54%
¹ßÀüÇÏ´Â¸ð½À,527,Master,119,64,244,183,57%
±º¹ã°«,528,Master,119,95,241,204,54%
Chinese CaptaiN,529,Master,115,55,180,100,64%
¸ÅµìÀ» °íÄ¡´Ù,530,Master,118,149,667,632,51%
ÁøÀç½Â,531,Master,22,114,511,482,51%
¿À³ªÀüÄ³¾È½À,532,Master,118,93,163,124,57%
¾çÄ¡ÇÏ°í ÀÚ¶ó,533,Master,116,173,810,788,51%
iite,534,Master,116,121,510,470,52%
xTbLE,535,Master,116,92,419,387,52%
SKT T1 M1D,536,Master,116,64,322,267,55%
³» µÚ¿¡ ¿øµô¸¸,537,Master,149,68,292,233,56%
ÁÖ±âÁö¸¶ »ì·ÁÁÒ,538,Master,115,92,339,262,56%
Fairy hao,539,Master,115,74,299,244,55%
¹Ù³ª³ª ÇÐ»ìÀÚ,540,Master,132,83,224,186,55%
592131523,541,Master,131,121,833,722,54%
Å©¸²È÷¾î·ÎÁîÆÒÀÓ,542,Master,114,116,544,485,53%
Èñ¹ÌÇÑ ³ÊÀÇ ¹Ì¼Ò,543,Master,108,201,179,143,56%
¿Í³ëÄí´Ï ¼î±º,544,Master,113,124,702,664,51%
Mute M1d,545,Master,113,73,366,324,53%
pmHnm9,546,Master,112,46,133,80,62%
Zlote,547,Master,111,124,736,686,52%
Loken fans,548,Master,111,37,53,29,65%
ÀÏ¹Ý°ÔÀÓÇØ¼³ÀÚ,549,Master,110,76,343,287,54%
brrrr,550,Master,110,65,232,186,56%
Ã¢¿ÏÀÌ°¡ ÃÖ°í,551,Master,110,100,190,124,61%
0 ¿õ,552,Master,116,49,103,36,74%
FuTuTa,553,Master,167,170,1080,1051,51%
ºÒ°¡¿ø,554,Master,109,123,752,678,53%
ÀÛÀº ¹æÀ» Ã¤¿ì´Ù,555,Master,109,207,234,167,58%
SKT T1 BIank,556,Master,108,102,384,362,51%
³ëÀ»ÀÌ ±×¸° ±×¸²,557,Master,108,87,342,297,54%
¶±¶ôÇÑ´Ù¾Æ¾Æ,558,Master,108,81,225,178,56%
Angelo fans,559,Master,106,145,725,706,51%
ÃµÃµÈ÷¿Ã¶ó°¨,560,Master,106,155,690,649,52%
wldrcdqyuwnkvqmw,561,Master,106,121,617,583,51%
¹ÐÅ©Æ¼³ó¾÷Á¾»çÀÚ,562,Master,106,77,196,142,58%
BulyStaL,563,Master,105,118,506,452,53%
³»°¡ÀßÇß³×,564,Master,105,68,268,216,55%
¾ÖÇÃ¹«¹«,565,Master,105,66,139,121,53%
ÃÖ¾ÇÀÇ ³¯,566,Master,105,47,123,80,61%
jinlanhua,567,Master,103,169,884,859,51%
T0P Jayce,568,Master,103,117,558,531,51%
cherish0120,569,Master,103,81,395,353,53%
whymeet4diamond,570,Master,102,82,362,334,52%
Medic1,571,Master,102,73,265,234,53%
31¼¼ ¹«Á÷¹é¼ö,572,Master,101,70,307,270,53%
IIrrooGG,573,Master,119,97,329,282,54%
À¯ºñ À¯ºñ,574,Master,84,199,315,286,52%
xuanyi9,575,Master,99,90,303,241,56%
PESK,576,Master,93,158,816,787,51%
Fairy Gyu,577,Master,98,61,150,93,62%
Teggun,578,Master,97,56,143,98,59%
ÇÇÇÑ°Í¸¸ÇÒ¼öÀÖ³Ä,579,Master,96,105,674,602,53%
EndorPhinB,580,Master,96,92,388,349,53%
¹ÌÁøÀÌµü±î¸®,581,Master,96,104,381,322,54%
ÇÑ¼­ÁØ,582,Master,95,137,754,721,51%
¾Ó 88¿ë¶ì,583,Master,95,92,302,268,53%
YM601658101,584,Master,93,115,741,652,53%
kfo,585,Master,93,126,609,580,51%
È£ ¼Ä,586,Master,93,103,455,428,52%
½È±¸¿ä,587,Master,93,122,415,377,52%
°¡·Î¿ì½Ä µô±³È¯,588,Master,109,86,280,235,54%
RankGameplayer1,589,Master,91,42,107,89,55%
3 4yu ji,590,Master,89,95,350,324,52%
Way Back H0me,591,Master,88,131,642,622,51%
BOKGU,592,Master,109,94,354,325,52%
n37,593,Master,85,56,211,160,57%
shijiemomori,594,Master,87,70,375,320,54%
Go belive,595,Master,86,73,419,356,54%
aNaT,596,Master,85,154,534,498,52%
Ãß¿ùÇØ,597,Master,85,76,262,218,55%
4¿ùÀÇ ¿äÁ¤,598,Master,84,110,257,216,54%
ÁÒ´Ï¿¡¿ä,599,Master,84,68,144,59,71%
KCIRT,600,Master,60,70,202,171,54%
Edwin V,601,Master,81,45,79,45,64%
µ¿»ÛÀÌ ºÎÇÏ0È£,602,Master,80,73,248,209,54%
CR7GOD,603,Master,80,39,69,40,63%
Leesrael,604,Master,80,39,69,40,63%
´ÙÅ©¿¥Æä·¯±èÇý¼º,605,Master,99,134,532,500,52%
dolcasa,606,Master,0,113,370,340,52%
¾îÈÞ¿¡ÈÞÀ¸ÈÞ,607,Master,79,56,172,118,59%
Allocebus,608,Master,109,46,139,75,65%
ÁõÈ­´Ï,609,Master,62,96,256,218,54%
ChenQAQ,610,Master,65,64,307,188,62%
ktmgs,611,Master,76,81,282,252,53%
Àü¹ÎÇõ,612,Master,99,86,233,185,56%
´«À» ¹Ï´Â ¼ø°£,613,Master,76,67,195,149,57%
¸Þ·Ð ³ó»ç Á¾¾÷ÀÚ,614,Master,76,70,137,99,58%
¾Æ¸§´Ù¿îµµ½ÃÇ×ÁÖ,615,Master,112,74,378,331,53%
»õºñÁö ºí·Î¿ì,616,Master,75,60,178,140,56%
ºüºü±Ö,617,Master,75,46,152,85,64%
WD4Y,618,Master,74,118,206,137,60%
¹Ç¶ó±â2,619,Master,74,63,64,38,63%
ÇÁ¶ó¿¤,620,Master,68,57,147,97,60%
A weak man,621,Master,72,103,356,319,53%
small lady,622,Master,71,72,275,241,53%
2015 09 31,623,Master,116,132,523,485,52%
swagMEISTER,624,Master,70,72,244,214,53%
DWG Punch,625,Master,70,90,216,184,54%
By myself,626,Master,69,173,751,721,51%
»ç¶û ¹Þ´Â ´ë¸Ó¸®,627,Master,69,81,318,284,53%
Ã³À½Àº´©±¸³ªÃÊº¸,628,Master,69,95,272,225,55%
wo neng ying ma,629,Master,87,59,240,173,58%
³Ê±¸¸®°¡±×¸°±â¸°,630,Master,68,131,655,626,51%
¼úÅë º¼¸µ,631,Master,68,128,517,480,52%
mei you ling hun,632,Master,67,147,704,701,50%
¼ÖÁ÷È÷ÀÌ±â°í½Í¾î,633,Master,74,54,216,150,59%
Ã¼ÆÃÀºµµ¿òÀÌ¾È´ï,634,Master,64,122,408,373,52%
Cw Johnny,635,Master,64,135,191,133,59%
chaoyuewuxian,636,Master,63,141,638,608,51%
Ich liebe dich,637,Master,62,136,190,130,59%
ÀÎ»ý Âü µ¡¾ø´Ù,638,Master,61,151,570,546,51%
J 1817 S ,639,Master,61,115,542,508,52%
ÆÛÇÃÆÀ ÆÇºùºù,640,Master,61,96,351,311,53%
Jin Tou,641,Master,60,122,534,497,52%
GALAAAA,642,Master,60,80,297,273,52%
³ª¶óÄ«ÀÏ,643,Master,59,106,471,441,52%
¿Ã¶ó°¡¾ß¸¸ÇÑ´Ù,644,Master,29,63,161,95,63%
KCIRT2,645,Master,55,111,454,428,51%
¹é»ö¸»Ã³·³,646,Master,57,174,736,700,51%
CharmingKiller M,647,Master,55,89,332,314,51%
Douyu FengcheGod,648,Master,55,63,297,218,58%
Like ChoGod,649,Master,24,64,265,215,55%
³» ¾Ö±æ µé¾îºÁ,650,Master,1,78,193,150,56%
Çý´Ù°¡Çý´Ù,651,Master,54,45,107,52,67%
yaj1111,652,Master,53,188,950,940,50%
¸ÞÆ÷½º³ë,653,Master,77,129,622,585,52%
¾Ç¸¶°Ë,654,Master,48,73,300,257,54%
Find Team SUP,655,Master,51,93,458,386,54%
My wife Ahri,656,Master,35,88,404,360,53%
2ÇÐ³â6¹Ý16¹ø,657,Master,38,98,354,316,53%
¹°À½Ç¥Âï°Ô¸¸µé¾î,658,Master,51,91,336,305,52%
Rishi,659,Master,51,65,298,253,54%
Khalis,660,Master,48,81,239,200,54%
À§·ÎÇØµå¸±°Ô¿ä,661,Master,50,74,232,193,55%
guard1an,662,Master,50,164,1023,1017,50%
Orange Ganster,663,Master,25,106,379,351,52%
9mainPD3,664,Master,49,83,374,337,53%
YMq601658101,665,Master,49,65,296,241,55%
³ªÇÑÅ×¸»°É¸é´øÁü,666,Master,49,101,261,145,64%
¹«ÇùÁö,667,Master,49,70,163,82,67%
sundayscome,668,Master,7,212,1202,1163,51%
¾ðÁ¦³ª¿­½É°£Àý,669,Master,86,61,221,150,60%
±×·¡¶Ç,670,Master,48,65,203,170,54%
duibuqiziji,671,Master,47,137,636,630,50%
°Ü¿ïÁö³ªº½ÀÌ¿Àµí,672,Master,47,92,446,416,52%
IgNar,673,Master,25,107,406,394,51%
µ¿°üÂ¯123,674,Master,45,124,600,562,52%
Á×À½nI,675,Master,45,137,584,563,51%
M1 Vladimir,676,Diamond 1,55,113,421,394,52%
°°ÀÌ¸Á¸Á¸Á,677,Master,45,88,226,157,59%
 qian qian ovo,678,Master,45,64,185,142,57%
¹«³ÊÁöÁø¾Ê¾Æ,679,Master,80,111,482,450,52%
iuweifowoufo,680,Master,44,84,396,367,52%
Áß Å»,681,Master,27,121,341,304,53%
ÀÌ±×ÀÚÀÏ ¼Ö,682,Master,44,97,222,180,55%
just funny,683,Master,43,121,636,609,51%
±ÙÈ÷Å°,684,Master,43,45,79,30,72%
FindMyse1f,685,Master,42,84,382,360,51%
¸àÅ»¾ÈÁÁ¾Æ,686,Master,41,104,329,301,52%
¸ð°ÇÇÒ¸Ó´Ï,687,Master,55,52,161,107,60%
ADzhaodui,688,Master,40,72,423,328,56%
shihfo,689,Master,40,85,322,168,66%
Å¬·¹µå´Â Á¤±Û,690,Master,40,116,269,233,54%
»ê´Ù¸¶¿Õ,691,Master,40,87,217,179,55%
qqwrewq,692,Master,40,55,164,133,55%
nauyngatoaix,693,Master,78,121,830,755,52%
³ë·ÂÇØ¾ßÇÏ´Â»ç¶÷,694,Master,37,144,584,560,51%
CutieMisaki,695,Master,37,91,355,309,53%
Selmoh,696,Master,36,120,508,463,52%
Ä«Ä«¿ÀÆÀ ÆÀÀå,697,Master,36,114,458,379,55%
Ã³ ³ð,698,Master,0,112,431,393,52%
MIDKlNG,699,Master,28,53,125,72,63%
yaochaoyuezi ji,700,Master,36,39,79,29,73%
¾ð´õ´ö,701,Master,35,129,548,517,51%
ggHFJK,702,Master,14,62,256,197,57%
APK DalKa,703,Master,16,68,213,178,54%
Àü½Å¸¶ºñ¹ÚÁ¾¿ì,704,Master,33,47,122,62,66%
Kuro Fan,705,Master,30,183,786,760,51%
FW MooJin,706,Master,0,105,300,274,52%
incompatibility,707,Master,15,83,208,164,56%
½½ÇÂ °³±¸¸® ÆäÆä,708,Master,32,82,158,97,62%
Cuz2,709,Master,69,48,53,22,71%
My Hurt,710,Master,6,96,613,552,53%
HLE SeongHwan,711,Master,29,106,399,371,52%
Wonnut,712,Master,29,145,230,192,55%
Chat sher,713,Master,29,67,201,170,54%
»çÀÌÁÁ°ÔÁö³»¿ä¿À,714,Master,29,73,116,82,59%
tzscch,715,Master,28,108,649,580,53%
Medlolz,716,Master,28,56,210,150,58%
all etum,717,Master,27,117,705,664,51%
ÀÌÆ²µÚ¿¡¸¸³ª¿ä,718,Master,15,145,652,625,51%
pandaTVhuiren,719,Master,32,55,191,129,60%
PaIette,720,Master,0,136,805,786,51%
ÀÚ¸ÞÀÌÄ«ÈæÀÎ,721,Master,86,83,376,331,53%
½Ã°è¿Õ,722,Master,26,95,294,250,54%
lbkgnfkgng,723,Master,26,77,221,171,56%
Nearly,724,Master,26,82,197,154,56%
Homme,725,Master,25,105,646,564,53%
¿ù¼öÈ­¸ñÅä±ÝÀÏ,726,Master,7,76,237,209,53%
kkkiwi,727,Master,0,60,204,174,54%
²¿¸¶ Áø¿ì,728,Master,92,74,288,224,56%
´Ù ÀßÇÏ´Â ÁÖ¿µ,729,Master,23,111,393,362,52%
¹Ò ´©,730,Master,23,97,353,318,53%
¸ð±â°¡ ¸ð±â¾ÆÆÄ,731,Master,23,73,290,245,54%
ºÎ»ê´ë°øºÎ¿Õ,732,Master,23,70,236,197,55%
LOVE XYT,733,Master,23,57,188,131,59%
´©±¸µµ ³¯ ¸ð¸¦²¬,734,Master,22,83,189,155,55%
­l ÇÏ ,735,Master,22,142,133,98,58%
2472212del,736,Master,22,46,72,24,75%
¸ðµÎ °¡ ÀÀ¿øÇÏ´Ù,737,Master,21,176,891,864,51%
eatsleepisshit,738,Master,21,190,732,709,51%
ififififif,739,Master,21,112,489,461,51%
020488995,740,Master,21,113,439,402,52%
SKT T1 WoIf,741,Master,21,106,337,302,53%
Afreeca Kramer,742,Master,21,101,323,288,53%
KICK TURN,743,Master,21,43,111,53,68%
È÷·Îºó,744,Master,0,78,328,292,53%
¹ãÇÏ´Ã Àº,745,Master,19,103,676,627,52%
Á¶lusi,746,Master,19,120,495,478,51%
Fox B Remind,747,Master,19,96,232,187,55%
Tsao nai chien,748,Master,19,44,124,109,53%
BananaKin,749,Master,18,165,1134,1105,51%
Diodio,750,Master,18,140,673,653,51%
±âÇõ ´ÏÀº µð±Ú,751,Master,18,135,513,499,51%
loneliness r,752,Master,18,113,482,454,51%
¸ðµ¥²Ù¸£Àë,753,Master,36,160,466,430,52%
mIxgzzzZ,754,Master,18,77,371,329,53%
MAD PiPi,755,Master,17,132,644,643,50%
¿øµôÀü¿ë¶óÀÌ³Ê,756,Master,60,98,635,521,55%
HMG BOT,757,Master,17,160,536,468,53%
ÇÑ³²»ç³É²Û±èÁøÈ£,758,Master,17,96,522,482,52%
babymimi,759,Diamond 1,68,122,511,479,52%
´ë±¸ ³Ê¹« ´õ¿ö¿ä,760,Master,17,119,402,387,51%
LCVS02,761,Diamond 1,35,89,258,239,52%
ºÎ²ôºÎ²ô,762,Master,17,65,160,115,58%
½½¿ä¹Ì,763,Master,17,36,75,16,82%
¾ûµ¢±¹ µ¥¸®¹ö°Å,764,Master,17,108,522,491,52%
°³Âï°Ü,765,Master,16,83,464,388,54%
Å°173cmÃ¼Áß42kg,766,Master,16,104,348,318,52%
GCA Cadenza,767,Master,16,95,254,204,55%
AlphaGo 002,768,Master,16,64,236,213,53%
me2,769,Master,16,90,236,207,53%
AFY,770,Master,16,77,225,175,56%
º¥Á¦¸Á,771,Master,16,57,213,134,61%
½Ç¼ö´Â´©±¸³ªÇÑ´Ù,772,Master,8,63,197,156,56%
¿øµôÁ¢À¸¸é¿Ã¶ó°¨,773,Master,66,79,185,139,57%
Want be best mid,774,Master,16,56,168,110,60%
¸»¶ó¸»¶ó¸¶Ãò,775,Master,16,92,120,77,61%
lÆäÀÎo,776,Master,15,103,553,502,52%
miaohulu,777,Master,15,87,339,319,52%
1000 Nights,778,Master,15,87,338,305,53%
ÇÏÅ°ÄÚ,779,Master,15,65,200,122,62%
TakeMyHearti,780,Master,0,48,161,106,60%
MEEEEEEEEE,781,Master,15,97,104,67,61%
Blow a kiss,782,Master,14,212,1089,1085,50%
Iissandra,783,Master,14,162,733,697,51%
ÀÏ·¹¹Ì´¨,784,Master,28,148,640,609,51%
½¨°ú³ªÀÇ¿¬°á°í¸®,785,Diamond 1,16,148,492,468,51%
SuSh1,786,Master,14,104,360,332,52%
xin de shu guang,787,Master,13,104,635,549,54%
SKT T1 kongda,788,Master,13,62,286,189,60%
Áö±¸¾ß ±×·³ ¸ñ¼º,789,Master,45,154,275,242,53%
·¹µåº§ºª °«¿¹¸®,790,Master,13,97,231,192,55%
Myute,791,Master,13,77,164,120,58%
»çÁ¤¾ø´Â ÇÇ½ºÅæ,792,Master,13,67,132,99,57%
ye xu shi xiang,793,Master,26,60,105,52,67%
Çõ¿ÀÇõ¿À,794,Master,45,157,651,613,52%
KR suppsuppsup,795,Master,12,43,116,69,63%
¸ð¸£ÅÊ,796,Master,11,70,368,301,55%
ÇÁ¾Æ´¢,797,Master,11,49,115,59,66%
yuchenge,798,Master,10,48,165,124,57%
ÈÄÅ©³ë½º,799,Master,10,38,79,27,75%
Ã¾ ÇÏ¿À,800,Master,9,113,678,647,51%
¶òÅ·¿Õ,801,Master,60,85,240,198,55%
½º¸¶Æ®¼½½ÃºäÆ¼,802,Master,8,146,519,490,51%
Beriah,803,Master,8,111,387,330,54%
Rh4psody,804,Master,0,108,331,304,52%
´ÙÇöÁØÀÇ,805,Master,7,102,241,203,54%
½Ã°£ÀÇ ½£,806,Master,7,65,236,165,59%
20180817,807,Master,6,93,582,507,53%
µÎ·ç¹Ì lv18,808,Master,6,105,478,442,52%
PandaTV51741,809,Master,23,84,269,232,54%
jidedaibiyuntao,810,Master,6,59,254,161,61%
true my heart,811,Master,5,97,348,318,52%
Fairy Puma,812,Master,123,41,118,56,68%
Inuyama Aoi,813,Master,2,89,429,404,52%
Incheon·À°¡,814,Master,52,105,402,359,53%
wanthome,815,Master,0,192,1140,1121,50%
È­·ÁÇÑ ¼Ö·ÎÅ³,816,Diamond 1,17,191,1026,999,51%
³Ê³ª¸· À¸¸é¾ÈµÅ,817,Master,0,162,1011,977,51%
MrPJ,818,Master,0,159,995,940,51%
iKppeuNi,819,Master,0,154,870,841,51%
ÃÊÄÚ¿ìÀ¯ ¸ÀÀÖ¾û,820,Master,0,165,769,738,51%
ShowMarryStand,821,Master,42,140,692,651,52%
Shi Hai Lun,822,Master,0,106,668,609,52%
³É Ã¼,823,Master,0,186,652,623,51%
OVerdaO,824,Master,0,150,649,623,51%
faker OR ruler,825,Diamond 1,34,136,644,638,50%
skrskrskrskrskr,826,Master,0,126,640,608,51%
Çà¼ºÅ×·¯¹ü,827,Diamond 1,71,102,641,604,51%
Alem gu,828,Master,0,173,620,593,51%
pour out passion,829,Diamond 1,100,112,621,589,51%
 Tomoya Aki ,830,Master,0,148,615,593,51%
coldplayy,831,Master,0,99,610,577,51%
¾Æ¸£´Ï½º,832,Master,0,152,593,558,52%
°£´Ù Ã§¸°Àú ³ª´Â,833,Master,17,124,574,547,51%
½Ø¹è·¡°¡,834,Master,18,138,566,530,52%
Zz1Zz1mm,835,Diamond 1,50,88,548,480,53%
O¿¬ÇÑ  ³²»öo,836,Master,14,89,522,433,55%
½¹Åä¸®,837,Master,0,161,518,495,51%
ÀÌ±×ÀÚÀÏ Moon,838,Diamond 1,50,124,500,461,52%
Camille K,839,Master,0,116,498,455,52%
¿¹ À²,840,Master,0,142,496,439,53%
¸¶À¯Áî¹Ì,841,Master,0,112,471,431,52%
GUCCI GAENG,842,Diamond 1,50,109,467,445,51%
2000 12 06,843,Master,0,117,453,427,51%
Life is Sol,844,Diamond 1,91,91,449,416,52%
¸ð ¸ð,845,Master,0,116,439,409,52%
Like myself,846,Master,0,76,405,375,52%
¿À°øÀÌ¿ä,847,Master,0,110,387,352,52%
1ÀÏ30ºÐ,848,Master,18,94,364,330,52%
Megalia,849,Diamond 1,34,81,363,342,51%
³Õ ²Ü,850,Master,0,113,353,319,53%
BtC Hollow,851,Master,0,92,352,331,52%
¸ð½ò¾Æ½ÎÈ÷Å°¹é¼ö,852,Master,0,90,344,308,53%
À¯ÀÚÂ÷¶¯±è,853,Master,0,65,343,244,58%
»Ç½ºÅ¸¼¼¿µ,854,Master,0,79,338,287,54%
Silky,855,Master,0,92,328,294,53%
pupurourou,856,Master,0,70,324,291,53%
Fairy SILPH,857,Master,0,106,318,281,53%
»Ç¼Û»Ç¼Û°³»Ç¼Û,858,Master,0,93,313,272,54%
17Â© ¼­Æý,859,Master,0,72,309,251,55%
Victoria Island,860,Master,0,73,298,256,54%
Å»¸ðÀ¯¸ÁÁÖ,861,Master,0,70,294,225,57%
WNS Lucifer,862,Master,0,97,284,266,52%
Choi inSec,863,Master,0,75,267,238,53%
¸¼°Ô °µ ÇÏ´Ã¾Æ,864,Master,15,89,263,227,54%
´õºíºñ º¸¹°¼¶,865,Master,0,100,260,233,53%
dzs,866,Master,0,66,252,221,53%
ÀÌ±×ÀÚÀÏ Á¶ÀÌ,867,Master,0,68,247,178,58%
XiNA,868,Master,25,72,252,212,54%
¸·°É¸® ¼Ò¹É¸®¿¡,869,Master,0,72,246,212,54%
Dabb1er,870,Master,0,59,238,166,59%
³Í ¿©ÀüÈ÷ ¿¹»Ú´Ù,871,Diamond 1,51,99,233,210,53%
absdf12345,872,Master,0,90,221,197,53%
Ä«Ä«¿ÀÅåÀº³ë¶õ»ö,873,Master,0,71,214,168,56%
He1 wa,874,Master,47,57,216,141,61%
¹é ²á,875,Master,0,131,205,177,54%
Labest,876,Master,0,54,196,148,57%
YOUSONOJAM,877,Master,0,60,196,154,56%
±×¸®¿ü´ø³¯,878,Master,0,85,195,165,54%
ÀÍ ´¨,879,Master,0,97,193,155,55%
Âî²¨±â,880,Master,0,88,190,148,56%
Èñ¸Á ¹ÏÀ½ ½Å·Ú,881,Master,0,68,189,158,54%
Á¶¿ëÈ÷°×¸¸ÇØ¿©,882,Master,0,75,184,155,54%
lºí·çºñÆ²l,883,Master,0,69,182,150,55%
¾ÆÀÌº¸¸®»ç»ýÆÒ,884,Master,0,68,181,132,58%
Micca,885,Master,0,101,178,147,55%
I do not have to,886,Master,0,55,155,90,63%
ÆÀÀÌµÚÆ²¸°»ç¶÷,887,Master,0,87,153,126,55%
¹Ì¾ÖÅ³·¯,888,Master,0,52,151,93,62%
µ¨ÀÌ°¡ Áø¾Æ¿¡°Ô,889,Master,0,69,147,88,63%
hunjiuwanshile,890,Master,0,45,146,98,60%
hhhi,891,Master,0,77,143,113,56%
±ºÀÎÀÌ¶óÀß¸øÇØ¿ä,892,Master,0,53,142,97,59%
°Ü¿ïµ¿È­ ¹ÚÁ¾¿ì,893,Master,0,61,139,103,57%
ÀáÀÚ¾ßÇÏ´Â»ç¶÷,894,Master,0,63,136,104,57%
¸ù °¥,895,Master,0,59,133,85,61%
¿ÍÄ­´ÙÁöÅ´ÀÌ,896,Master,14,66,133,104,56%
twistwrist,897,Master,0,44,128,69,65%
dreams came true,898,Master,0,65,123,92,57%
Cord 9,899,Master,0,43,117,68,63%
Queen swan,900,Master,14,65,111,80,58%
ÀÎ¼º¼¼°èÃÖ°­,901,Master,0,47,103,63,62%
erdfhaga,902,Master,0,40,97,45,68%
±Ó¸»±ÝÁö,903,Master,0,101,92,36,72%
±Ö·¼·ç¾ß,904,Diamond 1,50,47,89,60,60%
Tom jerry,905,Master,0,58,88,37,70%
SeImoh,906,Master,0,40,84,31,73%
52·ÁÁÁ´Ù,907,Master,0,38,84,40,68%
gragas zz,908,Master,0,46,84,61,58%
Unisia,909,Master,0,45,79,28,74%
I want go LPL,910,Master,0,36,69,14,83%
À¯¾Æ½º,911,Master,0,93,55,23,71%
xen xen xen,912,Master,67,137,859,815,51%
±¤¾î´Â¼­´º²¨,913,Diamond 1,100,179,711,697,50%
killer Jingjia,914,Diamond 1,100,109,604,585,51%
god ad1,915,Diamond 1,100,97,570,547,51%
TRYyy,916,Diamond 1,23,127,547,516,51%
Cott0n,917,Diamond 1,100,152,529,500,51%
Áö¿ø¾Æº¸°í½Í´Ù,918,Master,0,106,510,473,52%
¿¬ÃÊº¸,919,Diamond 1,100,91,470,436,52%
JWE,920,Master,0,134,449,415,52%
Arrange,921,Diamond 1,100,98,436,408,52%
Nathan2,922,Diamond 1,100,79,431,375,53%
ÇØ¹æµÈºÐ³ëÈ«ÁøÈñ,923,Diamond 1,100,132,420,393,52%
Fancity,924,Diamond 1,100,91,401,361,53%
I Akame I,925,Master,0,73,362,322,53%
b1t,926,Diamond 1,100,171,353,311,53%
Âü ¿ë,927,Diamond 1,100,93,343,287,54%
HLE Lava,928,Diamond 1,100,93,310,281,52%
±¸±Ù¸ð¸ÛÃ»ÀÌ,929,Diamond 1,100,96,298,257,54%
Áö´À¸Ó¸®¾û°ÏÄû,930,Diamond 1,100,76,293,233,56%
A Mask,931,Diamond 1,100,74,284,250,53%
KDM SSol,932,Diamond 1,100,74,199,169,54%
¹ö½º°«ÁöÁö,933,Diamond 1,100,64,180,147,55%
¾î¸®¼®Àº ´ç³ª±Í,934,Diamond 1,100,87,167,122,58%
²Ù·Î¹Ì,935,Diamond 1,100,52,165,127,57%
±Í¿ä¿ì¹Ö ±¸µ¶,936,Master,16,41,107,53,67%
Æ®¶óÀÌ¾Æ¿ô,937,Diamond 1,100,49,97,74,57%
Nin hao jiandao,938,Diamond 1,100,39,88,32,73%
Enerky,939,Diamond 1,100,105,81,50,62%
ÅÂÃÊ¸¶À»ÀÇÇÑÁö¿ì,940,Diamond 1,99,110,447,416,52%
±æ ¿µ,941,Diamond 1,99,96,302,278,52%
¹ã³·¹Ù²Ù°í½Í¾î,942,Diamond 1,99,39,71,27,72%
yariakcaJ,943,Diamond 1,100,194,968,938,51%
ºí·ç¸®½¬ÀßÇØ¿ä,944,Diamond 1,96,120,636,621,51%
»¡°£´ÞÆØÀÌLv3,945,Diamond 1,49,196,388,362,52%
¿ë½Å2,946,Diamond 1,97,111,208,182,53%
Zoo E,947,Diamond 1,97,123,174,103,63%
Gric,948,Diamond 1,97,110,155,132,54%
cqd,949,Diamond 1,97,48,144,76,65%
Never be Carry C,950,Diamond 1,96,199,1058,1037,51%
Wdzzdy,951,Master,0,128,629,607,51%
 1000z,952,Diamond 1,95,127,600,571,51%
ÇÔ ¹°,953,Diamond 1,95,90,325,269,55%
»ý°¢¸ÞÅ¸,954,Diamond 1,95,95,246,194,56%
sola flora,955,Diamond 1,95,46,138,77,64%
ForbesKorea,956,Diamond 1,94,108,551,514,52%
Give up on you ,957,Diamond 1,94,77,441,371,54%
Agnes clyde,958,Diamond 1,94,127,210,176,54%
»ê Èñ,959,Diamond 1,93,109,181,159,53%
Medness,960,Diamond 1,93,47,81,50,62%
¿Ïº®ÇØ¿ç,961,Diamond 1,72,176,639,612,51%
´îÁö¾î´Ù,962,Diamond 1,100,77,196,164,54%
say1O,963,Diamond 1,91,111,631,609,51%
bu zai liu lian,964,Diamond 1,83,96,567,478,54%
YOYOuuuuuO,965,Diamond 1,91,83,165,136,55%
Sofy ÇÑ°á,966,Diamond 1,85,163,851,824,51%
glELs,967,Master,0,115,705,677,51%
Flah,968,Diamond 1,90,137,598,578,51%
5000¸¸,969,Diamond 1,90,98,331,295,53%
So1o,970,Diamond 1,90,92,317,267,54%
ÀÌ±â°í1½Í´Ù ,971,Diamond 1,90,68,271,222,55%
1rony,972,Diamond 1,90,83,261,229,53%
asar,973,Diamond 1,90,85,251,218,54%
zibi yaomouren,974,Diamond 1,80,55,236,146,62%
¸ñ±ß±â,975,Diamond 1,90,148,204,147,58%
³ª¾ß ³ª ¿©±â¿©±â,976,Diamond 1,90,65,196,156,56%
13215164,977,Diamond 1,90,69,177,154,53%
ÀÌµµ·ç,978,Diamond 1,90,55,168,116,59%
»Ú³óÀÌ,979,Diamond 1,90,76,160,138,54%
¹è¿ì´Â°úÁ¤,980,Diamond 1,90,65,149,126,54%
°íºÐ¸ÓÀå,981,Diamond 1,100,63,105,63,63%
ÇÑÈ­ÆÒÀÌ¶óÇàº¹ÇØ,982,Diamond 1,90,51,96,49,66%
INO kynee,983,Diamond 1,90,119,92,61,60%
Nab1,984,Diamond 1,90,37,69,17,80%
Afreeca Ruby,985,Diamond 1,89,128,692,667,51%
Permaban10201944,986,Diamond 1,89,87,524,415,56%
¹«¾ùÀÌ Á¤´äÀÏ±î,987,Diamond 1,89,59,215,157,58%
½º´«ÀÌ,988,Diamond 1,89,68,182,157,54%
ÀÌ·ÎÄ«¿Í ·çÅ°,989,Diamond 1,89,56,160,109,59%
ZiÁ¸ÆÄ¿ö¼¼¸²Â¯Â¯,990,Diamond 1,89,55,129,102,56%
kokuru,991,Diamond 1,88,162,690,667,51%
LinLan,992,Diamond 1,88,89,348,327,52%
Luhh,993,Diamond 1,88,84,151,129,54%
Relempago,994,Diamond 1,88,41,98,38,72%
Âî´Ï¹Ù¶ó±â,995,Diamond 1,88,147,74,44,63%
junmoxxx,996,Diamond 1,3,88,358,318,53%
´Ã ÀßÇÒ¼ö´Â ¾ø´Ù,997,Diamond 1,87,87,273,254,52%
È­·ÃÀÌ,998,Diamond 1,87,99,238,211,53%
Dont turn back,999,Diamond 1,86,70,287,227,56%
»ý¶×¸ÂÀº¾Þ¶×½ß¶×,1000,Diamond 1,86,52,142,78,65%
